{
  "type": "FeatureCollection",
  "features": [
    {
      "type": "Feature",
      "id": "nyc_roads.1",
      "geometry": {
        "type": "MultiLineString",
        "coordinates": [
          [
            [-73.99984822, 40.74342508],
            [-73.99973211, 40.74337618],
            [-73.99902429, 40.74307809],
            [-73.99729345, 40.7423489],
            [-73.9971064, 40.74227005],
            [-73.99700718, 40.74222823]
          ]
        ]
      },
      "geometry_name": "the_geom",
      "properties": {
        "modified": "5/28/2001",
        "name": "W 20 ST",
        "vsam": 14860,
        "sourcedate": "3/31/1996",
        "sourcetype": "Photogrammetric",
        "source_id": 51509,
        "borough": "Manhattan",
        "feat_code": 2900,
        "feat_desc": "Paved Road",
        "exported": "05/19/2004",
        "feat_type": 0
      }
    },
    {
      "type": "Feature",
      "id": "nyc_roads.2",
      "geometry": {
        "type": "MultiLineString",
        "coordinates": [
          [
            [-73.98913018, 40.74135891],
            [-73.98904925, 40.74132493],
            [-73.98827182, 40.74099847],
            [-73.98815291, 40.7409465],
            [-73.98800165, 40.74088038],
            [-73.98798115, 40.74087141]
          ]
        ]
      },
      "geometry_name": "the_geom",
      "properties": {
        "modified": "8/2/2001",
        "name": "E 23 ST",
        "vsam": 11455,
        "sourcedate": "4/14/2001",
        "sourcetype": "Photogrammetric",
        "source_id": 51527,
        "borough": "Manhattan",
        "feat_code": 2900,
        "feat_desc": "Paved Road",
        "exported": "05/19/2004",
        "feat_type": 0
      }
    },
    {
      "type": "Feature",
      "id": "nyc_roads.3",
      "geometry": {
        "type": "MultiLineString",
        "coordinates": [
          [
            [-73.98767258, 40.73829429],
            [-73.98772624, 40.7383169],
            [-73.98778498, 40.73834171]
          ]
        ]
      },
      "geometry_name": "the_geom",
      "properties": {
        "modified": "7/31/2001",
        "name": "E 20 ST",
        "vsam": 11440,
        "sourcedate": "3/31/1996",
        "sourcetype": "Photogrammetric",
        "source_id": 51528,
        "borough": "Manhattan",
        "feat_code": 2900,
        "feat_desc": "Paved Road",
        "exported": "05/19/2004",
        "feat_type": 0
      }
    },
    {
      "type": "Feature",
      "id": "nyc_roads.4",
      "geometry": {
        "type": "MultiLineString",
        "coordinates": [
          [
            [-73.98679595, 40.73949945],
            [-73.98684917, 40.73952189],
            [-73.9869072, 40.73954633]
          ]
        ]
      },
      "geometry_name": "the_geom",
      "properties": {
        "modified": "7/31/2001",
        "name": "E 22 ST",
        "vsam": 11450,
        "sourcedate": "3/31/1996",
        "sourcetype": "Photogrammetric",
        "source_id": 51529,
        "borough": "Manhattan",
        "feat_code": 2900,
        "feat_desc": "Paved Road",
        "exported": "05/19/2004",
        "feat_type": 0
      }
    },
    {
      "type": "Feature",
      "id": "nyc_roads.5",
      "geometry": {
        "type": "MultiLineString",
        "coordinates": [
          [
            [-73.98735818, 40.73892698],
            [-73.98730155, 40.73890308],
            [-73.98724712, 40.73888021]
          ]
        ]
      },
      "geometry_name": "the_geom",
      "properties": {
        "modified": "7/31/2001",
        "name": "E 21 ST",
        "vsam": 11445,
        "sourcedate": "3/31/1996",
        "sourcetype": "Photogrammetric",
        "source_id": 51531,
        "borough": "Manhattan",
        "feat_code": 2900,
        "feat_desc": "Paved Road",
        "exported": "05/19/2004",
        "feat_type": 0
      }
    },
    {
      "type": "Feature",
      "id": "nyc_roads.6",
      "geometry": {
        "type": "MultiLineString",
        "coordinates": [
          [
            [-73.99658017, 40.74281097],
            [-73.99661898, 40.74275799],
            [-73.99696824, 40.74228138],
            [-73.99700718, 40.74222823]
          ]
        ]
      },
      "geometry_name": "the_geom",
      "properties": {
        "modified": "5/28/2001",
        "name": "7 AV",
        "vsam": 14000,
        "sourcedate": "3/31/1996",
        "sourcetype": "Photogrammetric",
        "source_id": 51532,
        "borough": "Manhattan",
        "feat_code": 2900,
        "feat_desc": "Paved Road",
        "exported": "05/19/2004",
        "feat_type": 0
      }
    },
    {
      "type": "Feature",
      "id": "nyc_roads.7",
      "geometry": {
        "type": "MultiLineString",
        "coordinates": [
          [
            [-73.99416491, 40.741031],
            [-73.99427534, 40.74107752],
            [-73.996907, 40.74218603],
            [-73.99700718, 40.74222823]
          ]
        ]
      },
      "geometry_name": "the_geom",
      "properties": {
        "modified": "5/28/2001",
        "name": "W 20 ST",
        "vsam": 14860,
        "sourcedate": "3/31/1996",
        "sourcetype": "Photogrammetric",
        "source_id": 51533,
        "borough": "Manhattan",
        "feat_code": 2900,
        "feat_desc": "Paved Road",
        "exported": "05/19/2004",
        "feat_type": 0
      }
    },
    {
      "type": "Feature",
      "id": "nyc_roads.8",
      "geometry": {
        "type": "MultiLineString",
        "coordinates": [
          [
            [-73.99633688, 40.73804381],
            [-73.9963764, 40.73799017],
            [-73.99678627, 40.7374338],
            [-73.99683994, 40.73736095]
          ]
        ]
      },
      "geometry_name": "the_geom",
      "properties": {
        "modified": "5/28/2001",
        "name": "AV OF THE AMERICAS",
        "vsam": 10600,
        "sourcedate": "3/31/1996",
        "sourcetype": "Photogrammetric",
        "source_id": 51534,
        "borough": "Manhattan",
        "feat_code": 2900,
        "feat_desc": "Paved Road",
        "exported": "05/19/2004",
        "feat_type": 0
      }
    },
    {
      "type": "Feature",
      "id": "nyc_roads.9",
      "geometry": {
        "type": "MultiLineString",
        "coordinates": [
          [
            [-73.99373929, 40.74161727],
            [-73.99384996, 40.74166378],
            [-73.99647826, 40.74276816],
            [-73.99658017, 40.74281097]
          ]
        ]
      },
      "geometry_name": "the_geom",
      "properties": {
        "modified": "5/28/2001",
        "name": "W 21 ST",
        "vsam": 14865,
        "sourcedate": "3/31/1996",
        "sourcetype": "Photogrammetric",
        "source_id": 51535,
        "borough": "Manhattan",
        "feat_code": 2900,
        "feat_desc": "Paved Road",
        "exported": "05/19/2004",
        "feat_type": 0
      }
    },
    {
      "type": "Feature",
      "id": "nyc_roads.10",
      "geometry": {
        "type": "MultiLineString",
        "coordinates": [
          [
            [-73.99587408, 40.73868601],
            [-73.99591049, 40.73863549],
            [-73.99629887, 40.73809657],
            [-73.99633688, 40.73804381]
          ]
        ]
      },
      "geometry_name": "the_geom",
      "properties": {
        "modified": "5/28/2001",
        "name": "AV OF THE AMERICAS",
        "vsam": 10600,
        "sourcedate": "3/31/1996",
        "sourcetype": "Photogrammetric",
        "source_id": 51536,
        "borough": "Manhattan",
        "feat_code": 2900,
        "feat_desc": "Paved Road",
        "exported": "05/19/2004",
        "feat_type": 0
      }
    },
    {
      "type": "Feature",
      "id": "nyc_roads.11",
      "geometry": {
        "type": "MultiLineString",
        "coordinates": [
          [
            [-73.99311954, 40.73669111],
            [-73.99321009, 40.73672918],
            [-73.99622527, 40.73799688],
            [-73.99633688, 40.73804381]
          ]
        ]
      },
      "geometry_name": "the_geom",
      "properties": {
        "modified": "5/28/2001",
        "name": "W 15 ST",
        "vsam": 14835,
        "sourcedate": "3/31/1996",
        "sourcetype": "Photogrammetric",
        "source_id": 51537,
        "borough": "Manhattan",
        "feat_code": 2900,
        "feat_desc": "Paved Road",
        "exported": "05/19/2004",
        "feat_type": 0
      }
    },
    {
      "type": "Feature",
      "id": "nyc_roads.12",
      "geometry": {
        "type": "MultiLineString",
        "coordinates": [
          [
            [-73.99544664, 40.73927219],
            [-73.99548442, 40.73922037],
            [-73.99583807, 40.73873541],
            [-73.99587408, 40.73868601]
          ]
        ]
      },
      "geometry_name": "the_geom",
      "properties": {
        "modified": "5/28/2001",
        "name": "AV OF THE AMERICAS",
        "vsam": 10600,
        "sourcedate": "3/31/1996",
        "sourcetype": "Photogrammetric",
        "source_id": 51538,
        "borough": "Manhattan",
        "feat_code": 2900,
        "feat_desc": "Paved Road",
        "exported": "05/19/2004",
        "feat_type": 0
      }
    },
    {
      "type": "Feature",
      "id": "nyc_roads.13",
      "geometry": {
        "type": "MultiLineString",
        "coordinates": [
          [
            [-73.9926543, 40.73733052],
            [-73.99274988, 40.73737077],
            [-73.99576485, 40.73864003],
            [-73.99587408, 40.73868601]
          ]
        ]
      },
      "geometry_name": "the_geom",
      "properties": {
        "modified": "5/28/2001",
        "name": "W 16 ST",
        "vsam": 14840,
        "sourcedate": "3/31/1996",
        "sourcetype": "Photogrammetric",
        "source_id": 51539,
        "borough": "Manhattan",
        "feat_code": 2900,
        "feat_desc": "Paved Road",
        "exported": "05/19/2004",
        "feat_type": 0
      }
    },
    {
      "type": "Feature",
      "id": "nyc_roads.14",
      "geometry": {
        "type": "MultiLineString",
        "coordinates": [
          [
            [-73.99501797, 40.73986008],
            [-73.99505723, 40.73980626],
            [-73.99540687, 40.73932674],
            [-73.99544664, 40.73927219]
          ]
        ]
      },
      "geometry_name": "the_geom",
      "properties": {
        "modified": "5/28/2001",
        "name": "AV OF THE AMERICAS",
        "vsam": 10600,
        "sourcedate": "3/31/1996",
        "sourcetype": "Photogrammetric",
        "source_id": 51540,
        "borough": "Manhattan",
        "feat_code": 2900,
        "feat_desc": "Paved Road",
        "exported": "05/19/2004",
        "feat_type": 0
      }
    },
    {
      "type": "Feature",
      "id": "nyc_roads.15",
      "geometry": {
        "type": "MultiLineString",
        "coordinates": [
          [
            [-73.99222485, 40.73791705],
            [-73.99231713, 40.73795587],
            [-73.99533929, 40.73922704],
            [-73.99544664, 40.73927219]
          ]
        ]
      },
      "geometry_name": "the_geom",
      "properties": {
        "modified": "5/28/2001",
        "name": "W 17 ST",
        "vsam": 14845,
        "sourcedate": "3/31/1996",
        "sourcetype": "Photogrammetric",
        "source_id": 51541,
        "borough": "Manhattan",
        "feat_code": 2900,
        "feat_desc": "Paved Road",
        "exported": "05/19/2004",
        "feat_type": 0
      }
    },
    {
      "type": "Feature",
      "id": "nyc_roads.16",
      "geometry": {
        "type": "MultiLineString",
        "coordinates": [
          [
            [-73.99459264, 40.74044205],
            [-73.99463338, 40.74038631],
            [-73.99498089, 40.73991082],
            [-73.99501797, 40.73986008]
          ]
        ]
      },
      "geometry_name": "the_geom",
      "properties": {
        "modified": "5/28/2001",
        "name": "AV OF THE AMERICAS",
        "vsam": 10600,
        "sourcedate": "3/31/1996",
        "sourcetype": "Photogrammetric",
        "source_id": 51542,
        "borough": "Manhattan",
        "feat_code": 2900,
        "feat_desc": "Paved Road",
        "exported": "05/19/2004",
        "feat_type": 0
      }
    },
    {
      "type": "Feature",
      "id": "nyc_roads.17",
      "geometry": {
        "type": "MultiLineString",
        "coordinates": [
          [
            [-73.99179769, 40.73850372],
            [-73.99189063, 40.73854274],
            [-73.99471586, 40.73972868],
            [-73.99491096, 40.73981353],
            [-73.99501797, 40.73986008]
          ]
        ]
      },
      "geometry_name": "the_geom",
      "properties": {
        "modified": "5/28/2001",
        "name": "W 18 ST",
        "vsam": 14850,
        "sourcedate": "3/31/1996",
        "sourcetype": "Photogrammetric",
        "source_id": 51543,
        "borough": "Manhattan",
        "feat_code": 2900,
        "feat_desc": "Paved Road",
        "exported": "05/19/2004",
        "feat_type": 0
      }
    },
    {
      "type": "Feature",
      "id": "nyc_roads.18",
      "geometry": {
        "type": "MultiLineString",
        "coordinates": [
          [
            [-73.99416491, 40.741031],
            [-73.99420511, 40.74097565],
            [-73.99455252, 40.74049728],
            [-73.99459264, 40.74044205]
          ]
        ]
      },
      "geometry_name": "the_geom",
      "properties": {
        "modified": "5/28/2001",
        "name": "AV OF THE AMERICAS",
        "vsam": 10600,
        "sourcedate": "3/31/1996",
        "sourcetype": "Photogrammetric",
        "source_id": 51544,
        "borough": "Manhattan",
        "feat_code": 2900,
        "feat_desc": "Paved Road",
        "exported": "05/19/2004",
        "feat_type": 0
      }
    },
    {
      "type": "Feature",
      "id": "nyc_roads.19",
      "geometry": {
        "type": "MultiLineString",
        "coordinates": [
          [
            [-73.99137406, 40.73908824],
            [-73.991466, 40.73912692],
            [-73.99448095, 40.74039507],
            [-73.99459264, 40.74044205]
          ]
        ]
      },
      "geometry_name": "the_geom",
      "properties": {
        "modified": "5/28/2001",
        "name": "W 19 ST",
        "vsam": 14855,
        "sourcedate": "3/31/1996",
        "sourcetype": "Photogrammetric",
        "source_id": 51545,
        "borough": "Manhattan",
        "feat_code": 2900,
        "feat_desc": "Paved Road",
        "exported": "05/19/2004",
        "feat_type": 0
      }
    },
    {
      "type": "Feature",
      "id": "nyc_roads.20",
      "geometry": {
        "type": "MultiLineString",
        "coordinates": [
          [
            [-73.99373929, 40.74161727],
            [-73.99377871, 40.74156298],
            [-73.99412619, 40.74108433],
            [-73.99416491, 40.741031]
          ]
        ]
      },
      "geometry_name": "the_geom",
      "properties": {
        "modified": "5/28/2001",
        "name": "AV OF THE AMERICAS",
        "vsam": 10600,
        "sourcedate": "3/31/1996",
        "sourcetype": "Photogrammetric",
        "source_id": 51546,
        "borough": "Manhattan",
        "feat_code": 2900,
        "feat_desc": "Paved Road",
        "exported": "05/19/2004",
        "feat_type": 0
      }
    },
    {
      "type": "Feature",
      "id": "nyc_roads.21",
      "geometry": {
        "type": "MultiLineString",
        "coordinates": [
          [
            [-73.99094522, 40.73967344],
            [-73.99104036, 40.73971356],
            [-73.9940552, 40.74098475],
            [-73.99416491, 40.741031]
          ]
        ]
      },
      "geometry_name": "the_geom",
      "properties": {
        "modified": "5/28/2001",
        "name": "W 20 ST",
        "vsam": 14860,
        "sourcedate": "3/31/1996",
        "sourcetype": "Photogrammetric",
        "source_id": 51547,
        "borough": "Manhattan",
        "feat_code": 2900,
        "feat_desc": "Paved Road",
        "exported": "05/19/2004",
        "feat_type": 0
      }
    },
    {
      "type": "Feature",
      "id": "nyc_roads.22",
      "geometry": {
        "type": "MultiLineString",
        "coordinates": [
          [
            [-73.99329167, 40.74223337],
            [-73.99332976, 40.74218093],
            [-73.99370056, 40.74167058],
            [-73.99373929, 40.74161727]
          ]
        ]
      },
      "geometry_name": "the_geom",
      "properties": {
        "modified": "5/28/2001",
        "name": "AV OF THE AMERICAS",
        "vsam": 10600,
        "sourcedate": "3/31/1996",
        "sourcetype": "Photogrammetric",
        "source_id": 51548,
        "borough": "Manhattan",
        "feat_code": 2900,
        "feat_desc": "Paved Road",
        "exported": "05/19/2004",
        "feat_type": 0
      }
    },
    {
      "type": "Feature",
      "id": "nyc_roads.23",
      "geometry": {
        "type": "MultiLineString",
        "coordinates": [
          [
            [-73.99051783, 40.74026175],
            [-73.99061318, 40.74030187],
            [-73.99362923, 40.74157096],
            [-73.99373929, 40.74161727]
          ]
        ]
      },
      "geometry_name": "the_geom",
      "properties": {
        "modified": "5/28/2001",
        "name": "W 21 ST",
        "vsam": 14865,
        "sourcedate": "3/31/1996",
        "sourcetype": "Photogrammetric",
        "source_id": 51549,
        "borough": "Manhattan",
        "feat_code": 2900,
        "feat_desc": "Paved Road",
        "exported": "05/19/2004",
        "feat_type": 0
      }
    },
    {
      "type": "Feature",
      "id": "nyc_roads.24",
      "geometry": {
        "type": "MultiLineString",
        "coordinates": [
          [
            [-73.99280514, 40.74290105],
            [-73.99285814, 40.74282831],
            [-73.99325172, 40.7422882],
            [-73.99329167, 40.74223337]
          ]
        ]
      },
      "geometry_name": "the_geom",
      "properties": {
        "modified": "5/28/2001",
        "name": "AV OF THE AMERICAS",
        "vsam": 10600,
        "sourcedate": "3/31/1996",
        "sourcetype": "Photogrammetric",
        "source_id": 51550,
        "borough": "Manhattan",
        "feat_code": 2900,
        "feat_desc": "Paved Road",
        "exported": "05/19/2004",
        "feat_type": 0
      }
    },
    {
      "type": "Feature",
      "id": "nyc_roads.25",
      "geometry": {
        "type": "MultiLineString",
        "coordinates": [
          [
            [-73.99007006, 40.7408803],
            [-73.99016253, 40.74091914],
            [-73.99318111, 40.74218694],
            [-73.99329167, 40.74223337]
          ]
        ]
      },
      "geometry_name": "the_geom",
      "properties": {
        "modified": "5/28/2001",
        "name": "W 22 ST",
        "vsam": 14870,
        "sourcedate": "3/31/1996",
        "sourcetype": "Photogrammetric",
        "source_id": 51551,
        "borough": "Manhattan",
        "feat_code": 2900,
        "feat_desc": "Paved Road",
        "exported": "05/19/2004",
        "feat_type": 0
      }
    },
    {
      "type": "Feature",
      "id": "nyc_roads.26",
      "geometry": {
        "type": "MultiLineString",
        "coordinates": [
          [
            [-73.98956754, 40.74154383],
            [-73.9896665, 40.74158083],
            [-73.98970615, 40.74159566],
            [-73.99032829, 40.7418561],
            [-73.99269408, 40.74285419],
            [-73.99280514, 40.74290105]
          ]
        ]
      },
      "geometry_name": "the_geom",
      "properties": {
        "modified": "5/28/2001",
        "name": "W 23 ST",
        "vsam": 14875,
        "sourcedate": "3/31/1996",
        "sourcetype": "Photogrammetric",
        "source_id": 51553,
        "borough": "Manhattan",
        "feat_code": 2900,
        "feat_desc": "Paved Road",
        "exported": "05/19/2004",
        "feat_type": 0
      }
    },
    {
      "type": "Feature",
      "id": "nyc_roads.27",
      "geometry": {
        "type": "MultiLineString",
        "coordinates": [
          [
            [-73.99222485, 40.73791705],
            [-73.99226235, 40.73786583],
            [-73.99261916, 40.73737852],
            [-73.9926543, 40.73733052]
          ]
        ]
      },
      "geometry_name": "the_geom",
      "properties": {
        "modified": "5/28/2001",
        "name": "5 AV",
        "vsam": 12470,
        "sourcedate": "3/31/1996",
        "sourcetype": "Photogrammetric",
        "source_id": 51554,
        "borough": "Manhattan",
        "feat_code": 2900,
        "feat_desc": "Paved Road",
        "exported": "05/19/2004",
        "feat_type": 5
      }
    },
    {
      "type": "Feature",
      "id": "nyc_roads.28",
      "geometry": {
        "type": "MultiLineString",
        "coordinates": [
          [
            [-73.99179769, 40.73850372],
            [-73.9918323, 40.73845618],
            [-73.99218689, 40.73796919],
            [-73.99222485, 40.73791705]
          ]
        ]
      },
      "geometry_name": "the_geom",
      "properties": {
        "modified": "5/28/2001",
        "name": "5 AV",
        "vsam": 12470,
        "sourcedate": "3/31/1996",
        "sourcetype": "Photogrammetric",
        "source_id": 51556,
        "borough": "Manhattan",
        "feat_code": 2900,
        "feat_desc": "Paved Road",
        "exported": "05/19/2004",
        "feat_type": 5
      }
    },
    {
      "type": "Feature",
      "id": "nyc_roads.29",
      "geometry": {
        "type": "MultiLineString",
        "coordinates": [
          [
            [-73.99031432, 40.73711006],
            [-73.99038974, 40.73714204],
            [-73.99053188, 40.7372023],
            [-73.99208404, 40.73786002],
            [-73.99213265, 40.73787971],
            [-73.99222485, 40.73791705]
          ]
        ]
      },
      "geometry_name": "the_geom",
      "properties": {
        "modified": "7/16/2003",
        "name": "E 17 ST",
        "vsam": 11420,
        "sourcedate": "4/14/2001",
        "sourcetype": "Photogrammetric",
        "source_id": 51557,
        "borough": "Manhattan",
        "feat_code": 2900,
        "feat_desc": "Paved Road",
        "exported": "05/19/2004",
        "feat_type": 0
      }
    },
    {
      "type": "Feature",
      "id": "nyc_roads.30",
      "geometry": {
        "type": "MultiLineString",
        "coordinates": [
          [
            [-73.99137406, 40.73908824],
            [-73.99141046, 40.73903802],
            [-73.99176196, 40.73855301],
            [-73.99179769, 40.73850372]
          ]
        ]
      },
      "geometry_name": "the_geom",
      "properties": {
        "modified": "5/28/2001",
        "name": "5 AV",
        "vsam": 12470,
        "sourcedate": "3/31/1996",
        "sourcetype": "Photogrammetric",
        "source_id": 51558,
        "borough": "Manhattan",
        "feat_code": 2900,
        "feat_desc": "Paved Road",
        "exported": "05/19/2004",
        "feat_type": 5
      }
    },
    {
      "type": "Feature",
      "id": "nyc_roads.31",
      "geometry": {
        "type": "MultiLineString",
        "coordinates": [
          [
            [-73.99012217, 40.73779572],
            [-73.99020536, 40.73783087],
            [-73.99170386, 40.73846407],
            [-73.99179769, 40.73850372]
          ]
        ]
      },
      "geometry_name": "the_geom",
      "properties": {
        "modified": "5/28/2001",
        "name": "E 18 ST",
        "vsam": 11425,
        "sourcedate": "3/31/1996",
        "sourcetype": "Photogrammetric",
        "source_id": 51559,
        "borough": "Manhattan",
        "feat_code": 2900,
        "feat_desc": "Paved Road",
        "exported": "05/19/2004",
        "feat_type": 0
      }
    },
    {
      "type": "Feature",
      "id": "nyc_roads.32",
      "geometry": {
        "type": "MultiLineString",
        "coordinates": [
          [
            [-73.99094522, 40.73967344],
            [-73.99098197, 40.73962328],
            [-73.99133784, 40.73913768],
            [-73.99137406, 40.73908824]
          ]
        ]
      },
      "geometry_name": "the_geom",
      "properties": {
        "modified": "5/28/2001",
        "name": "5 AV",
        "vsam": 12470,
        "sourcedate": "3/31/1996",
        "sourcetype": "Photogrammetric",
        "source_id": 51560,
        "borough": "Manhattan",
        "feat_code": 2900,
        "feat_desc": "Paved Road",
        "exported": "05/19/2004",
        "feat_type": 5
      }
    },
    {
      "type": "Feature",
      "id": "nyc_roads.33",
      "geometry": {
        "type": "MultiLineString",
        "coordinates": [
          [
            [-73.98995158, 40.73848809],
            [-73.99003281, 40.73852236],
            [-73.99128464, 40.73905052],
            [-73.99137406, 40.73908824]
          ]
        ]
      },
      "geometry_name": "the_geom",
      "properties": {
        "modified": "5/28/2001",
        "name": "E 19 ST",
        "vsam": 11430,
        "sourcedate": "3/31/1996",
        "sourcetype": "Photogrammetric",
        "source_id": 51561,
        "borough": "Manhattan",
        "feat_code": 2900,
        "feat_desc": "Paved Road",
        "exported": "05/19/2004",
        "feat_type": 0
      }
    },
    {
      "type": "Feature",
      "id": "nyc_roads.34",
      "geometry": {
        "type": "MultiLineString",
        "coordinates": [
          [
            [-73.99051783, 40.74026175],
            [-73.9905561, 40.74020907],
            [-73.99090776, 40.73972499],
            [-73.99094522, 40.73967344]
          ]
        ]
      },
      "geometry_name": "the_geom",
      "properties": {
        "modified": "5/28/2001",
        "name": "5 AV",
        "vsam": 12470,
        "sourcedate": "3/31/1996",
        "sourcetype": "Photogrammetric",
        "source_id": 51562,
        "borough": "Manhattan",
        "feat_code": 2900,
        "feat_desc": "Paved Road",
        "exported": "05/19/2004",
        "feat_type": 5
      }
    },
    {
      "type": "Feature",
      "id": "nyc_roads.35",
      "geometry": {
        "type": "MultiLineString",
        "coordinates": [
          [
            [-73.98976488, 40.73917716],
            [-73.98984624, 40.73921137],
            [-73.99085057, 40.73963364],
            [-73.99094522, 40.73967344]
          ]
        ]
      },
      "geometry_name": "the_geom",
      "properties": {
        "modified": "5/28/2001",
        "name": "E 20 ST",
        "vsam": 11440,
        "sourcedate": "3/31/1996",
        "sourcetype": "Photogrammetric",
        "source_id": 51563,
        "borough": "Manhattan",
        "feat_code": 2900,
        "feat_desc": "Paved Road",
        "exported": "05/19/2004",
        "feat_type": 0
      }
    },
    {
      "type": "Feature",
      "id": "nyc_roads.36",
      "geometry": {
        "type": "MultiLineString",
        "coordinates": [
          [
            [-73.99007006, 40.7408803],
            [-73.99010554, 40.7408313],
            [-73.99048137, 40.74031211],
            [-73.99051783, 40.74026175]
          ]
        ]
      },
      "geometry_name": "the_geom",
      "properties": {
        "modified": "5/28/2001",
        "name": "5 AV",
        "vsam": 12470,
        "sourcedate": "3/31/1996",
        "sourcetype": "Photogrammetric",
        "source_id": 51565,
        "borough": "Manhattan",
        "feat_code": 2900,
        "feat_desc": "Paved Road",
        "exported": "05/19/2004",
        "feat_type": 5
      }
    },
    {
      "type": "Feature",
      "id": "nyc_roads.37",
      "geometry": {
        "type": "MultiLineString",
        "coordinates": [
          [
            [-73.98958259, 40.73986505],
            [-73.98966295, 40.73989907],
            [-73.99042353, 40.74022174],
            [-73.99051783, 40.74026175]
          ]
        ]
      },
      "geometry_name": "the_geom",
      "properties": {
        "modified": "5/28/2001",
        "name": "E 21 ST",
        "vsam": 11445,
        "sourcedate": "4/14/2001",
        "sourcetype": "Photogrammetric",
        "source_id": 51566,
        "borough": "Manhattan",
        "feat_code": 2900,
        "feat_desc": "Paved Road",
        "exported": "05/19/2004",
        "feat_type": 0
      }
    },
    {
      "type": "Feature",
      "id": "nyc_roads.38",
      "geometry": {
        "type": "MultiLineString",
        "coordinates": [
          [
            [-73.98995158, 40.73848809],
            [-73.98996504, 40.73843343],
            [-73.99010866, 40.73785058],
            [-73.99012217, 40.73779572]
          ]
        ]
      },
      "geometry_name": "the_geom",
      "properties": {
        "modified": "5/28/2001",
        "name": "BROADWAY",
        "vsam": 10755,
        "sourcedate": "3/31/1996",
        "sourcetype": "Photogrammetric",
        "source_id": 51569,
        "borough": "Manhattan",
        "feat_code": 2900,
        "feat_desc": "Paved Road",
        "exported": "05/19/2004",
        "feat_type": 5
      }
    },
    {
      "type": "Feature",
      "id": "nyc_roads.39",
      "geometry": {
        "type": "MultiLineString",
        "coordinates": [
          [
            [-73.98956754, 40.74154383],
            [-73.98963151, 40.74146755],
            [-73.98966663, 40.74142566],
            [-73.99003498, 40.74092773],
            [-73.99007006, 40.7408803]
          ]
        ]
      },
      "geometry_name": "the_geom",
      "properties": {
        "modified": "5/28/2001",
        "name": "5 AV",
        "vsam": 12470,
        "sourcedate": "3/31/1996",
        "sourcetype": "Photogrammetric",
        "source_id": 51570,
        "borough": "Manhattan",
        "feat_code": 2900,
        "feat_desc": "Paved Road",
        "exported": "05/19/2004",
        "feat_type": 5
      }
    },
    {
      "type": "Feature",
      "id": "nyc_roads.40",
      "geometry": {
        "type": "MultiLineString",
        "coordinates": [
          [
            [-73.98863779, 40.73717293],
            [-73.98869611, 40.7371974],
            [-73.99004118, 40.73776173],
            [-73.99012217, 40.73779572]
          ]
        ]
      },
      "geometry_name": "the_geom",
      "properties": {
        "modified": "7/31/2001",
        "name": "E 18 ST",
        "vsam": 11425,
        "sourcedate": "3/31/1996",
        "sourcetype": "Photogrammetric",
        "source_id": 51571,
        "borough": "Manhattan",
        "feat_code": 2900,
        "feat_desc": "Paved Road",
        "exported": "05/19/2004",
        "feat_type": 0
      }
    },
    {
      "type": "Feature",
      "id": "nyc_roads.41",
      "geometry": {
        "type": "MultiLineString",
        "coordinates": [
          [
            [-73.98976488, 40.73917716],
            [-73.98978059, 40.73911915],
            [-73.98993665, 40.73854318],
            [-73.98995158, 40.73848809]
          ]
        ]
      },
      "geometry_name": "the_geom",
      "properties": {
        "modified": "5/28/2001",
        "name": "BROADWAY",
        "vsam": 10755,
        "sourcedate": "3/31/1996",
        "sourcetype": "Photogrammetric",
        "source_id": 51572,
        "borough": "Manhattan",
        "feat_code": 2900,
        "feat_desc": "Paved Road",
        "exported": "05/19/2004",
        "feat_type": 5
      }
    },
    {
      "type": "Feature",
      "id": "nyc_roads.42",
      "geometry": {
        "type": "MultiLineString",
        "coordinates": [
          [
            [-73.98941439, 40.74060258],
            [-73.98953554, 40.7406539],
            [-73.98998139, 40.74084274],
            [-73.99007006, 40.7408803]
          ]
        ]
      },
      "geometry_name": "the_geom",
      "properties": {
        "modified": "5/28/2001",
        "name": "E 22 ST",
        "vsam": 11450,
        "sourcedate": "3/31/1996",
        "sourcetype": "Photogrammetric",
        "source_id": 51573,
        "borough": "Manhattan",
        "feat_code": 2900,
        "feat_desc": "Paved Road",
        "exported": "05/19/2004",
        "feat_type": 0
      }
    },
    {
      "type": "Feature",
      "id": "nyc_roads.43",
      "geometry": {
        "type": "MultiLineString",
        "coordinates": [
          [
            [-73.98958259, 40.73986505],
            [-73.98959758, 40.73980849],
            [-73.98959762, 40.73980833],
            [-73.98974944, 40.73923538],
            [-73.98976488, 40.73917716]
          ]
        ]
      },
      "geometry_name": "the_geom",
      "properties": {
        "modified": "5/28/2001",
        "name": "BROADWAY",
        "vsam": 10755,
        "sourcedate": "3/31/1996",
        "sourcetype": "Photogrammetric",
        "source_id": 51574,
        "borough": "Manhattan",
        "feat_code": 2900,
        "feat_desc": "Paved Road",
        "exported": "05/19/2004",
        "feat_type": 5
      }
    },
    {
      "type": "Feature",
      "id": "nyc_roads.44",
      "geometry": {
        "type": "MultiLineString",
        "coordinates": [
          [
            [-73.98941439, 40.74060258],
            [-73.98942788, 40.74054045],
            [-73.98956919, 40.73992356],
            [-73.98958259, 40.73986505]
          ]
        ]
      },
      "geometry_name": "the_geom",
      "properties": {
        "modified": "5/28/2001",
        "name": "BROADWAY",
        "vsam": 10755,
        "sourcedate": "4/14/2001",
        "sourcetype": "Photogrammetric",
        "source_id": 51575,
        "borough": "Manhattan",
        "feat_code": 2900,
        "feat_desc": "Paved Road",
        "exported": "05/19/2004",
        "feat_type": 5
      }
    },
    {
      "type": "Feature",
      "id": "nyc_roads.45",
      "geometry": {
        "type": "MultiLineString",
        "coordinates": [
          [
            [-73.98927928, 40.7414221],
            [-73.98938024, 40.74146533],
            [-73.98956754, 40.74154383]
          ]
        ]
      },
      "geometry_name": "the_geom",
      "properties": {
        "modified": "8/2/2001",
        "name": "E 23 ST",
        "vsam": 11455,
        "sourcedate": "4/14/2001",
        "sourcetype": "Photogrammetric",
        "source_id": 51577,
        "borough": "Manhattan",
        "feat_code": 2900,
        "feat_desc": "Paved Road",
        "exported": "05/19/2004",
        "feat_type": 0
      }
    },
    {
      "type": "Feature",
      "id": "nyc_roads.46",
      "geometry": {
        "type": "MultiLineString",
        "coordinates": [
          [
            [-73.98864444, 40.74281418],
            [-73.98874547, 40.74285733],
            [-73.98895778, 40.742948],
            [-73.98898373, 40.74295744],
            [-73.98905661, 40.74298838],
            [-73.9891547, 40.74303002]
          ]
        ]
      },
      "geometry_name": "the_geom",
      "properties": {
        "modified": "5/28/2001",
        "name": "W 25 ST",
        "vsam": 14885,
        "sourcedate": "3/31/1996",
        "sourcetype": "Photogrammetric",
        "source_id": 51579,
        "borough": "Manhattan",
        "feat_code": 2900,
        "feat_desc": "Paved Road",
        "exported": "05/19/2004",
        "feat_type": 0
      }
    },
    {
      "type": "Feature",
      "id": "nyc_roads.47",
      "geometry": {
        "type": "MultiLineString",
        "coordinates": [
          [
            [-73.98919816, 40.74259101],
            [-73.98921352, 40.74243589],
            [-73.98922936, 40.74227591]
          ]
        ]
      },
      "geometry_name": "the_geom",
      "properties": {
        "modified": "8/2/2001",
        "name": "BROADWAY",
        "vsam": 10755,
        "sourcedate": "3/31/1996",
        "sourcetype": "Photogrammetric",
        "source_id": 51582,
        "borough": "Manhattan",
        "feat_code": 2900,
        "feat_desc": "Paved Road",
        "exported": "05/19/2004",
        "feat_type": 5
      }
    },
    {
      "type": "Feature",
      "id": "nyc_roads.48",
      "geometry": {
        "type": "MultiLineString",
        "coordinates": [
          [
            [-73.98922936, 40.74227591],
            [-73.98932166, 40.74231427],
            [-73.98959871, 40.74242942]
          ]
        ]
      },
      "geometry_name": "the_geom",
      "properties": {
        "modified": "5/28/2001",
        "name": "W 24 ST",
        "vsam": 14880,
        "sourcedate": "4/14/2001",
        "sourcetype": "Photogrammetric",
        "source_id": 51583,
        "borough": "Manhattan",
        "feat_code": 2900,
        "feat_desc": "Paved Road",
        "exported": "05/19/2004",
        "feat_type": 0
      }
    },
    {
      "type": "Feature",
      "id": "nyc_roads.49",
      "geometry": {
        "type": "MultiLineString",
        "coordinates": [
          [
            [-73.98897932, 40.74221227],
            [-73.98871566, 40.74267021],
            [-73.9887133, 40.74267498],
            [-73.988656, 40.74279081],
            [-73.98864444, 40.74281418]
          ]
        ]
      },
      "geometry_name": "the_geom",
      "properties": {
        "modified": "11/11/2003",
        "name": "5 AV",
        "vsam": 12470,
        "sourcedate": "4/14/2001",
        "sourcetype": "Photogrammetric",
        "source_id": 51585,
        "borough": "Manhattan",
        "feat_code": 2900,
        "feat_desc": "Paved Road",
        "exported": "05/19/2004",
        "feat_type": 5
      }
    },
    {
      "type": "Feature",
      "id": "nyc_roads.50",
      "geometry": {
        "type": "MultiLineString",
        "coordinates": [
          [
            [-73.98922936, 40.74227591],
            [-73.98929211, 40.7419583],
            [-73.98931009, 40.74191297],
            [-73.98935027, 40.74181164],
            [-73.98936527, 40.74177386]
          ]
        ]
      },
      "geometry_name": "the_geom",
      "properties": {
        "modified": "11/11/2003",
        "name": "BROADWAY",
        "vsam": 10755,
        "sourcedate": "4/14/2001",
        "sourcetype": "Photogrammetric",
        "source_id": 51588,
        "borough": "Manhattan",
        "feat_code": 2900,
        "feat_desc": "Paved Road",
        "exported": "05/19/2004",
        "feat_type": 5
      }
    }
  ],
  "totalFeatures": 1301,
  "numberMatched": 1301,
  "numberReturned": 50,
  "timeStamp": "2023-02-06T02:10:01.597Z",
  "crs": {
    "type": "name",
    "properties": { "name": "urn:ogc:def:crs:EPSG::4326" }
  }
}
