{
  "type": "FeatureCollection",
  "features": [
    {
      "type": "Feature",
      "id": "load_road.fid-9baf41c_1862f85ce09_-7fee",
      "geometry": {
        "type": "LineString",
        "coordinates": [
          [74.8851, 59.1877],
          [74.8851, 85.3819]
        ]
      },
      "geometry_name": "pgr_fromatob",
      "properties": {},
      "bbox": [74.8851, 59.1877, 74.8851, 85.3819]
    }
  ],
  "totalFeatures": 1,
  "numberMatched": 1,
  "numberReturned": 1,
  "timeStamp": "2023-02-08T14:04:55.480Z",
  "crs": {
    "type": "name",
    "properties": { "name": "urn:ogc:def:crs:EPSG::4326" }
  },
  "bbox": [74.8851, 59.1877, 74.8851, 85.3819]
}
