{
"type": "FeatureCollection",
"name": "entities",
"features": [
{ "type": "Feature", "id": 0, "properties": { "Layer": "0", "SubClasses": "AcDbEntity:AcDbMText", "EntityHandle": "23D", "Text": "12566241.634701168,3274824.8631064887" }, "geometry": { "type": "Point", "coordinates": [ 12566241.634701170027256, 3274825.103488481137902, 0.0 ] } },
{ "type": "Feature", "id": 1, "properties": { "Layer": "0", "SubClasses": "AcDbEntity:AcDbPolyline", "EntityHandle": "245" }, "geometry": { "type": "LineString", "coordinates": [ [ 1293722.0, 612853.0 ], [ 13859963.63, 612853.0 ], [ 13859963.63, 612853.0 ], [ 1293722.0, 612853.0 ] ] } },
{ "type": "Feature", "id": 2, "properties": { "Layer": "0", "SubClasses": "AcDbEntity:AcDbPolyline", "EntityHandle": "246" }, "geometry": { "type": "LineString", "coordinates": [ [ 212.0, 42521.5 ], [ 12566453.63, 42521.5 ], [ 12566453.63, 3317346.359999999869615 ], [ 212.0, 3317346.359999999869615 ], [ 212.0, 42521.5 ] ] } },
{ "type": "Feature", "id": 3, "properties": { "Layer": "0", "SubClasses": "AcDbEntity:AcDbPolyline", "EntityHandle": "247" }, "geometry": { "type": "LineString", "coordinates": [ [ 12562909.0, 3298564.0 ], [ 12562919.0, 3298564.0 ], [ 12562919.0, 3298564.0 ], [ 12562909.0, 3298564.0 ] ] } },
{ "type": "Feature", "id": 4, "properties": { "Layer": "0", "SubClasses": "AcDbEntity:AcDbPolyline", "EntityHandle": "248" }, "geometry": { "type": "LineString", "coordinates": [ [ 12558175.0, 3299209.0 ], [ 12558185.0, 3299209.0 ], [ 12558185.0, 3299214.0 ], [ 12558175.0, 3299214.0 ], [ 12558175.0, 3299209.0 ] ] } },
{ "type": "Feature", "id": 5, "properties": { "Layer": "0", "SubClasses": "AcDbEntity:AcDbPolyline", "EntityHandle": "24A" }, "geometry": { "type": "LineString", "coordinates": [ [ 12554785.5, 3298564.0 ], [ 12554795.5, 3298564.0 ], [ 12554795.5, 3298559.0 ], [ 12554785.5, 3298559.0 ], [ 12554785.5, 3298564.0 ] ] } },
{ "type": "Feature", "id": 6, "properties": { "Layer": "0", "SubClasses": "AcDbEntity:AcDbPolyline", "EntityHandle": "251" }, "geometry": { "type": "LineString", "coordinates": [ [ 12558175.0, 3299201.0 ], [ 12558185.0, 3299201.0 ], [ 12558185.0, 3299206.0 ], [ 12558175.0, 3299206.0 ], [ 12558175.0, 3299201.0 ] ] } },
{ "type": "Feature", "id": 7, "properties": { "Layer": "0", "SubClasses": "AcDbEntity:AcDbPolyline", "EntityHandle": "258" }, "geometry": { "type": "LineString", "coordinates": [ [ 12558175.0, 3299193.0 ], [ 12558185.0, 3299193.0 ], [ 12558185.0, 3299198.0 ], [ 12558175.0, 3299198.0 ], [ 12558175.0, 3299193.0 ] ] } },
{ "type": "Feature", "id": 8, "properties": { "Layer": "0", "SubClasses": "AcDbEntity:AcDbPolyline", "EntityHandle": "25F" }, "geometry": { "type": "LineString", "coordinates": [ [ 12558174.5, 3299185.0 ], [ 12558184.5, 3299185.0 ], [ 12558184.5, 3299190.0 ], [ 12558174.5, 3299190.0 ], [ 12558174.5, 3299185.0 ] ] } },
{ "type": "Feature", "id": 9, "properties": { "Layer": "0", "SubClasses": "AcDbEntity:AcDbPolyline", "EntityHandle": "266" }, "geometry": { "type": "LineString", "coordinates": [ [ 12558174.5, 3299176.500000000931323 ], [ 12558184.5, 3299176.500000000931323 ], [ 12558184.5, 3299181.5 ], [ 12558174.5, 3299181.5 ], [ 12558174.5, 3299176.500000000931323 ] ] } },
{ "type": "Feature", "id": 10, "properties": { "Layer": "0", "SubClasses": "AcDbEntity:AcDbPolyline", "EntityHandle": "26D" }, "geometry": { "type": "LineString", "coordinates": [ [ 12558175.0, 3299157.5 ], [ 12558185.0, 3299157.5 ], [ 12558185.0, 3299162.5 ], [ 12558175.0, 3299162.5 ], [ 12558175.0, 3299157.5 ] ] } },
{ "type": "Feature", "id": 11, "properties": { "Layer": "0", "SubClasses": "AcDbEntity:AcDbPolyline", "EntityHandle": "26F" }, "geometry": { "type": "LineString", "coordinates": [ [ 12558175.0, 3299162.5 ], [ 12558185.0, 3299162.5 ], [ 12558185.0, 3299167.5 ], [ 12558175.0, 3299167.5 ], [ 12558175.0, 3299162.5 ] ] } },
{ "type": "Feature", "id": 12, "properties": { "Layer": "0", "SubClasses": "AcDbEntity:AcDbPolyline", "EntityHandle": "271" }, "geometry": { "type": "LineString", "coordinates": [ [ 12558192.5, 3299209.5 ], [ 12558202.5, 3299209.5 ], [ 12558202.5, 3299214.5 ], [ 12558192.5, 3299214.5 ], [ 12558192.5, 3299209.5 ] ] } },
{ "type": "Feature", "id": 13, "properties": { "Layer": "0", "SubClasses": "AcDbEntity:AcDbPolyline", "EntityHandle": "273" }, "geometry": { "type": "LineString", "coordinates": [ [ 12558192.5, 3299198.0 ], [ 12558202.5, 3299198.0 ], [ 12558202.5, 3299203.0 ], [ 12558192.5, 3299203.0 ], [ 12558192.5, 3299198.0 ] ] } },
{ "type": "Feature", "id": 14, "properties": { "Layer": "0", "SubClasses": "AcDbEntity:AcDbPolyline", "EntityHandle": "275" }, "geometry": { "type": "LineString", "coordinates": [ [ 12558192.5, 3299185.5 ], [ 12558202.5, 3299185.5 ], [ 12558202.5, 3299190.5 ], [ 12558192.5, 3299190.5 ], [ 12558192.5, 3299185.5 ] ] } },
{ "type": "Feature", "id": 15, "properties": { "Layer": "0", "SubClasses": "AcDbEntity:AcDbPolyline", "EntityHandle": "277" }, "geometry": { "type": "LineString", "coordinates": [ [ 12558193.0, 3299174.5 ], [ 12558203.0, 3299174.5 ], [ 12558203.0, 3299179.5 ], [ 12558193.0, 3299179.5 ], [ 12558193.0, 3299174.5 ] ] } },
{ "type": "Feature", "id": 16, "properties": { "Layer": "0", "SubClasses": "AcDbEntity:AcDbPolyline", "EntityHandle": "279" }, "geometry": { "type": "LineString", "coordinates": [ [ 12558193.0, 3299162.0 ], [ 12558203.0, 3299162.0 ], [ 12558203.0, 3299167.0 ], [ 12558193.0, 3299167.0 ], [ 12558193.0, 3299162.0 ] ] } },
{ "type": "Feature", "id": 17, "properties": { "Layer": "0", "SubClasses": "AcDbEntity:AcDbPolyline", "EntityHandle": "27B" }, "geometry": { "type": "LineString", "coordinates": [ [ 12558193.0, 3299153.5 ], [ 12558203.0, 3299153.5 ], [ 12558203.0, 3299158.5 ], [ 12558193.0, 3299158.5 ], [ 12558193.0, 3299153.5 ] ] } }
]
}
