{
  "type": "FeatureCollection",
  "name": "entities",
  "features": [
    {
      "type": "Feature",
      "id": 0,
      "properties": {
        "Layer": "0",
        "SubClasses": "AcDbEntity:AcDbPolyline",
        "EntityHandle": "239"
      },
      "geometry": {
        "type": "LineString",
        "coordinates": [
          [14.64399118879947, 49.569124442645659],
          [24.643991188799479, 49.569124442645659],
          [24.643991188799479, 44.569124442645659],
          [14.64399118879947, 44.569124442645659],
          [14.64399118879947, 49.569124442645659]
        ]
      }
    },
    {
      "type": "Feature",
      "id": 1,
      "properties": {
        "Layer": "0",
        "SubClasses": "AcDbEntity:AcDbPolyline",
        "EntityHandle": "240"
      },
      "geometry": {
        "type": "LineString",
        "coordinates": [
          [14.64399118879947, 43.436019280182329],
          [24.643991188799479, 43.436019280182329],
          [24.643991188799479, 38.436019280182343],
          [14.64399118879947, 38.436019280182343],
          [14.64399118879947, 43.436019280182329]
        ]
      }
    },
    {
      "type": "Feature",
      "id": 2,
      "properties": {
        "Layer": "0",
        "SubClasses": "AcDbEntity:AcDbPolyline",
        "EntityHandle": "247"
      },
      "geometry": {
        "type": "LineString",
        "coordinates": [
          [14.53689065174893, 37.334221164163807],
          [24.536890651748941, 37.334221164163807],
          [24.536890651748941, 32.334221164163807],
          [14.53689065174893, 32.334221164163807],
          [14.53689065174893, 37.334221164163807]
        ]
      }
    },
    {
      "type": "Feature",
      "id": 3,
      "properties": {
        "Layer": "0",
        "SubClasses": "AcDbEntity:AcDbPolyline",
        "EntityHandle": "24E"
      },
      "geometry": {
        "type": "LineString",
        "coordinates": [
          [25.8895337744238, 49.53781716816556],
          [35.889533774423803, 49.53781716816556],
          [35.889533774423803, 44.53781716816556],
          [25.8895337744238, 44.53781716816556],
          [25.8895337744238, 49.53781716816556]
        ]
      }
    },
    {
      "type": "Feature",
      "id": 4,
      "properties": {
        "Layer": "0",
        "SubClasses": "AcDbEntity:AcDbPolyline",
        "EntityHandle": "255"
      },
      "geometry": {
        "type": "LineString",
        "coordinates": [
          [25.8895337744238, 43.436019280182329],
          [35.889533774423803, 43.436019280182329],
          [35.889533774423803, 38.436019280182343],
          [25.8895337744238, 38.436019280182343],
          [25.8895337744238, 43.436019280182329]
        ]
      }
    },
    {
      "type": "Feature",
      "id": 5,
      "properties": {
        "Layer": "0",
        "SubClasses": "AcDbEntity:AcDbPolyline",
        "EntityHandle": "25C"
      },
      "geometry": {
        "type": "LineString",
        "coordinates": [
          [25.782433582490341, 37.334221164163807],
          [35.782433582490341, 37.334221164163807],
          [35.782433582490341, 32.334221164163807],
          [25.782433582490341, 32.334221164163807],
          [25.782433582490341, 37.334221164163807]
        ]
      }
    }
  ]
}
