{
  "type": "FeatureCollection",
  "name": "entities",
  "features": [
    {
      "type": "Feature",
      "id": 0,
      "properties": {
        "Layer": "0",
        "SubClasses": "AcDbEntity:AcDbPolyline",
        "EntityHandle": "235"
      },
      "geometry": {
        "type": "LineString",
        "coordinates": [
          [10.236250400537809, 37.444805374530723],
          [47.658769242938149, 37.444805374530723],
          [47.658769242938149, 9.518535786317784],
          [10.236250400537809, 9.518535786317784],
          [10.236250400537809, 37.444805374530723]
        ]
      }
    },
    {
      "type": "Feature",
      "id": 1,
      "properties": {
        "Layer": "0",
        "SubClasses": "AcDbEntity:AcDbPolyline",
        "EntityHandle": "23A"
      },
      "geometry": {
        "type": "LineString",
        "coordinates": [
          [47.658769242938149, 37.444805374530723],
          [10.236250400537809, 37.444805374530723],
          [10.236250400537809, 9.518535786317784],
          [47.658769242938149, 9.518535786317784],
          [47.658769242938149, 37.444805374530723]
        ]
      }
    },
    {
      "type": "Feature",
      "id": 2,
      "properties": {
        "Layer": "0",
        "SubClasses": "AcDbEntity:AcDbPolyline",
        "EntityHandle": "23B"
      },
      "geometry": {
        "type": "LineString",
        "coordinates": [
          [11.25455017663842, 36.426991376561887],
          [21.254550176638421, 36.426991376561887],
          [21.254550176638421, 31.42699137656189],
          [11.25455017663842, 31.42699137656189],
          [11.25455017663842, 36.426991376561887]
        ]
      }
    },
    {
      "type": "Feature",
      "id": 3,
      "properties": {
        "Layer": "0",
        "SubClasses": "AcDbEntity:AcDbPolyline",
        "EntityHandle": "249"
      },
      "geometry": {
        "type": "LineString",
        "coordinates": [
          [11.25455017663842, 29.976584868562671],
          [21.254550176638421, 29.976584868562671],
          [21.254550176638421, 24.976584868562671],
          [11.25455017663842, 24.976584868562671],
          [11.25455017663842, 29.976584868562671]
        ]
      }
    },
    {
      "type": "Feature",
      "id": 4,
      "properties": {
        "Layer": "0",
        "SubClasses": "AcDbEntity:AcDbPolyline",
        "EntityHandle": "250"
      },
      "geometry": {
        "type": "LineString",
        "coordinates": [
          [11.190906440632149, 23.869701336820331],
          [21.190906440632151, 23.869701336820331],
          [21.190906440632151, 18.869701336820331],
          [11.190906440632149, 18.869701336820331],
          [11.190906440632149, 23.869701336820331]
        ]
      }
    },
    {
      "type": "Feature",
      "id": 5,
      "properties": {
        "Layer": "0",
        "SubClasses": "AcDbEntity:AcDbPolyline",
        "EntityHandle": "257"
      },
      "geometry": {
        "type": "LineString",
        "coordinates": [
          [11.190906440632149, 17.76281757704265],
          [21.190906440632151, 17.76281757704265],
          [21.190906440632151, 12.76281757704265],
          [11.190906440632149, 12.76281757704265],
          [11.190906440632149, 17.76281757704265]
        ]
      }
    },
    {
      "type": "Feature",
      "id": 6,
      "properties": {
        "Layer": "0",
        "SubClasses": "AcDbEntity:AcDbPolyline",
        "EntityHandle": "25E"
      },
      "geometry": {
        "type": "LineString",
        "coordinates": [
          [22.837710820017151, 36.465148450012407],
          [32.837710820017151, 36.465148450012407],
          [32.837710820017151, 31.465148450012411],
          [22.837710820017151, 31.465148450012411],
          [22.837710820017151, 36.465148450012407]
        ]
      }
    },
    {
      "type": "Feature",
      "id": 7,
      "properties": {
        "Layer": "0",
        "SubClasses": "AcDbEntity:AcDbLine",
        "EntityHandle": "2D0"
      },
      "geometry": {
        "type": "LineString",
        "coordinates": [
          [33.891399427647833, 36.323839777165723, 0.0],
          [33.891399427647833, 19.069313041566001, 0.0]
        ]
      }
    },
    {
      "type": "Feature",
      "id": 8,
      "properties": {
        "Layer": "0",
        "SubClasses": "AcDbEntity:AcDbLine",
        "EntityHandle": "2D1"
      },
      "geometry": {
        "type": "LineString",
        "coordinates": [
          [33.891399427647833, 19.069313041566001, 0.0],
          [22.544981624848301, 19.069313041566001, 0.0]
        ]
      }
    },
    {
      "type": "Feature",
      "id": 9,
      "properties": {
        "Layer": "0",
        "SubClasses": "AcDbEntity:AcDbLine",
        "EntityHandle": "2D2"
      },
      "geometry": {
        "type": "LineString",
        "coordinates": [
          [22.544981624848301, 19.069313041566001, 0.0],
          [22.544981624848301, 12.42672523081033, 0.0]
        ]
      }
    },
    {
      "type": "Feature",
      "id": 10,
      "properties": {
        "Layer": "0",
        "SubClasses": "AcDbEntity:AcDbCircle",
        "EntityHandle": "3C0"
      },
      "geometry": {
        "type": "LineString",
        "coordinates": [
          [60.625904550509013, 37.379106012572663, 0.0],
          [60.613724801808132, 37.030323643852036, 0.0],
          [60.577244894216861, 36.683240507772339, 0.0],
          [60.516642554178041, 36.339547558483865, 0.0],
          [60.432213030200607, 36.000919233487664, 0.0],
          [60.324367654438554, 35.669005295944316, 0.0],
          [60.19363183872202, 35.345422797193663, 0.0],
          [60.04064251480365, 35.031748198643207, 0.0],
          [59.86614503129114, 34.729509691406641, 0.0],
          [59.670989522383749, 34.4401797511103, 0.0],
          [59.456126766103907, 34.165167964139968, 0.0],
          [59.222603552202266, 33.905814160277679, 0.0],
          [58.971557582303305, 33.663381885185693, 0.0],
          [58.704211927137301, 33.439052244539056, 0.0],
          [58.421869067862744, 33.233918149797454, 0.0],
          [58.125904550509013, 33.048978993650472, 0.0],
          [57.817760284454401, 32.885135781076826, 0.0],
          [57.498937517588573, 32.743186739738725, 0.0],
          [57.170989522383749, 32.623823431096895, 0.0],
          [56.835514028507355, 32.52762738119268, 0.0],
          [56.494145438843667, 32.455067247511622, 0.0],
          [56.148546866847283, 32.406496535731293, 0.0],
          [55.800402034021516, 32.382151877477185, 0.0],
          [55.451407066996509, 32.382151877477185, 0.0],
          [55.103262234170749, 32.406496535731293, 0.0],
          [54.757663662174359, 32.455067247511622, 0.0],
          [54.416295072510671, 32.52762738119268, 0.0],
          [54.080819578634276, 32.623823431096895, 0.0],
          [53.752871583429453, 32.743186739738725, 0.0],
          [53.434048816563624, 32.885135781076826, 0.0],
          [53.125904550509013, 33.048978993650465, 0.0],
          [52.829940033155282, 33.233918149797454, 0.0],
          [52.547597173880725, 33.439052244539056, 0.0],
          [52.280251518714721, 33.663381885185693, 0.0],
          [52.029205548815753, 33.905814160277679, 0.0],
          [51.795682334914126, 34.165167964139968, 0.0],
          [51.580819578634276, 34.4401797511103, 0.0],
          [51.385664069726886, 34.729509691406641, 0.0],
          [51.211166586214375, 35.031748198643207, 0.0],
          [51.058177262296013, 35.345422797193663, 0.0],
          [50.927441446579472, 35.669005295944316, 0.0],
          [50.819596070817418, 36.000919233487664, 0.0],
          [50.735166546839984, 36.339547558483865, 0.0],
          [50.674564206801165, 36.683240507772332, 0.0],
          [50.638084299209893, 37.030323643852036, 0.0],
          [50.625904550509013, 37.379106012572663, 0.0],
          [50.638084299209893, 37.72788838129329, 0.0],
          [50.674564206801165, 38.074971517372994, 0.0],
          [50.735166546839984, 38.418664466661461, 0.0],
          [50.819596070817418, 38.757292791657662, 0.0],
          [50.927441446579472, 39.08920672920101, 0.0],
          [51.058177262296006, 39.412789227951663, 0.0],
          [51.211166586214375, 39.726463826502119, 0.0],
          [51.385664069726886, 40.028702333738686, 0.0],
          [51.580819578634276, 40.318032274035026, 0.0],
          [51.795682334914119, 40.593044061005358, 0.0],
          [52.02920554881576, 40.852397864867648, 0.0],
          [52.280251518714721, 41.094830139959633, 0.0],
          [52.547597173880725, 41.31915978060627, 0.0],
          [52.829940033155275, 41.524293875347873, 0.0],
          [53.125904550509013, 41.709233031494854, 0.0],
          [53.434048816563624, 41.8730762440685, 0.0],
          [53.752871583429453, 42.015025285406601, 0.0],
          [54.080819578634276, 42.134388594048431, 0.0],
          [54.416295072510671, 42.230584643952646, 0.0],
          [54.757663662174359, 42.303144777633705, 0.0],
          [55.103262234170749, 42.351715489414033, 0.0],
          [55.451407066996502, 42.376060147668142, 0.0],
          [55.800402034021516, 42.376060147668142, 0.0],
          [56.148546866847276, 42.351715489414033, 0.0],
          [56.49414543884366, 42.303144777633705, 0.0],
          [56.835514028507347, 42.230584643952646, 0.0],
          [57.170989522383749, 42.134388594048431, 0.0],
          [57.498937517588573, 42.015025285406601, 0.0],
          [57.817760284454401, 41.8730762440685, 0.0],
          [58.125904550509013, 41.709233031494854, 0.0],
          [58.421869067862744, 41.524293875347873, 0.0],
          [58.704211927137308, 41.31915978060627, 0.0],
          [58.971557582303305, 41.09483013995964, 0.0],
          [59.222603552202266, 40.852397864867655, 0.0],
          [59.4561267661039, 40.593044061005358, 0.0],
          [59.670989522383749, 40.318032274035026, 0.0],
          [59.86614503129114, 40.028702333738693, 0.0],
          [60.04064251480365, 39.726463826502119, 0.0],
          [60.19363183872202, 39.412789227951663, 0.0],
          [60.324367654438554, 39.089206729201003, 0.0],
          [60.432213030200607, 38.757292791657662, 0.0],
          [60.516642554178041, 38.418664466661461, 0.0],
          [60.577244894216861, 38.074971517372994, 0.0],
          [60.613724801808132, 37.72788838129329, 0.0],
          [60.625904550509013, 37.379106012572663, 0.0]
        ]
      }
    },
    {
      "type": "Feature",
      "id": 11,
      "properties": {
        "Layer": "0",
        "SubClasses": "AcDbEntity:AcDbLine",
        "EntityHandle": "3C1"
      },
      "geometry": {
        "type": "LineString",
        "coordinates": [
          [54.896332934348827, 28.142274733961699, 0.0],
          [61.948858760812641, 19.79671682007773, 0.0]
        ]
      }
    },
    {
      "type": "Feature",
      "id": 12,
      "properties": {
        "Layer": "0",
        "SubClasses": "AcDbEntity:AcDbLine",
        "EntityHandle": "3C2"
      },
      "geometry": {
        "type": "LineString",
        "coordinates": [
          [61.948858760812641, 19.79671682007773, 0.0],
          [61.300350691489591, 27.16997672908807, 0.0]
        ]
      }
    },
    {
      "type": "Feature",
      "id": 13,
      "properties": {
        "Layer": "0",
        "SubClasses": "AcDbEntity:AcDbLine",
        "EntityHandle": "3C3"
      },
      "geometry": {
        "type": "LineString",
        "coordinates": [
          [61.300350691489591, 27.16997672908807, 0.0],
          [67.62330490179329, 21.25516374995107, 0.0]
        ]
      }
    },
    {
      "type": "Feature",
      "id": 14,
      "properties": {
        "Layer": "0",
        "SubClasses": "AcDbEntity:AcDbLine",
        "EntityHandle": "3C4"
      },
      "geometry": {
        "type": "LineString",
        "coordinates": [
          [67.62330490179329, 21.25516374995107, 0.0],
          [61.40862081251143, 14.61164635275934, 0.0]
        ]
      }
    },
    {
      "type": "Feature",
      "id": 15,
      "properties": {
        "Layer": "0",
        "SubClasses": "AcDbEntity:AcDbLine",
        "EntityHandle": "3C5"
      },
      "geometry": {
        "type": "LineString",
        "coordinates": [
          [61.40862081251143, 14.61164635275934, 0.0],
          [71.433290076268165, 15.42137572070922, 0.0]
        ]
      }
    },
    {
      "type": "Feature",
      "id": 16,
      "properties": {
        "Layer": "0",
        "SubClasses": "AcDbEntity:AcDbLine",
        "EntityHandle": "3C6"
      },
      "geometry": {
        "type": "LineString",
        "coordinates": [
          [71.433290076268165, 15.42137572070922, 0.0],
          [72.487115879776638, 27.980225143919881, 0.0]
        ]
      }
    },
    {
      "type": "Feature",
      "id": 17,
      "properties": {
        "Layer": "0",
        "SubClasses": "AcDbEntity:AcDbLine",
        "EntityHandle": "3C7"
      },
      "geometry": {
        "type": "LineString",
        "coordinates": [
          [72.487115879776638, 27.980225143919881, 0.0],
          [62.597366830135741, 30.49199502856203, 0.0]
        ]
      }
    },
    {
      "type": "Feature",
      "id": 18,
      "properties": {
        "Layer": "0",
        "SubClasses": "AcDbEntity:AcDbLine",
        "EntityHandle": "3C8"
      },
      "geometry": {
        "type": "LineString",
        "coordinates": [
          [38.747661011411367, 33.452011304375588, 0.0],
          [44.568958850277397, 21.586794155809091, 0.0]
        ]
      }
    },
    {
      "type": "Feature",
      "id": 19,
      "properties": {
        "Layer": "0",
        "SubClasses": "AcDbEntity:AcDbPoint",
        "EntityHandle": "458"
      },
      "geometry": {
        "type": "Point",
        "coordinates": [28.93135491163202, 25.922161897547628, 0.0]
      }
    },
    {
      "type": "Feature",
      "id": 20,
      "properties": {
        "Layer": "车位区域",
        "SubClasses": "AcDbEntity:AcDbPolyline",
        "EntityHandle": "4CC"
      },
      "geometry": {
        "type": "LineString",
        "coordinates": [
          [8865.518482457393475, 8611.229026526116286],
          [8865.518482457393475, 8924.398035675336359],
          [9010.504134841192354, 8924.398035675336359],
          [9010.504134841192354, 8611.229026526116286],
          [8865.518482457393475, 8611.229026526116286]
        ]
      }
    },
    {
      "type": "Feature",
      "id": 21,
      "properties": {
        "Layer": "车位区域",
        "SubClasses": "AcDbEntity:AcDbPolyline",
        "EntityHandle": "4CD"
      },
      "geometry": {
        "type": "LineString",
        "coordinates": [
          [8720.532830073596415, 8611.229027300423695],
          [8720.532830073596415, 8924.398036449534629],
          [8865.518482457393475, 8924.398036449534629],
          [8865.518482457393475, 8611.229027300423695],
          [8720.532830073596415, 8611.229027300423695]
        ]
      }
    },
    {
      "type": "Feature",
      "id": 22,
      "properties": {
        "Layer": "车位区域",
        "SubClasses": "AcDbEntity:AcDbPolyline",
        "EntityHandle": "4CE"
      },
      "geometry": {
        "type": "LineString",
        "coordinates": [
          [9010.504134841192354, 8611.229026526116286],
          [9010.504134841192354, 8924.398035675336359],
          [9155.489787224991233, 8924.398035675336359],
          [9155.489787224991233, 8611.229026526116286],
          [9010.504134841192354, 8611.229026526116286]
        ]
      }
    },
    {
      "type": "Feature",
      "id": 23,
      "properties": {
        "Layer": "车位区域",
        "SubClasses": "AcDbEntity:AcDbPolyline",
        "EntityHandle": "4CF"
      },
      "geometry": {
        "type": "LineString",
        "coordinates": [
          [8036.200553304053756, 9237.567044825420453],
          [8036.200553304053756, 8924.398035676416839],
          [8181.186205687851725, 8924.398035676416839],
          [8181.186205687851725, 9237.567044825420453],
          [8036.200553304053756, 9237.567044825420453]
        ]
      }
    },
    {
      "type": "Feature",
      "id": 24,
      "properties": {
        "Layer": "车位区域",
        "SubClasses": "AcDbEntity:AcDbPolyline",
        "EntityHandle": "4D0"
      },
      "geometry": {
        "type": "LineString",
        "coordinates": [
          [8378.366692929763303, 9237.567044825635094],
          [8378.366692929763303, 8924.398035676416839],
          [8523.352345313560363, 8924.398035676416839],
          [8523.352345313560363, 9237.567044825635094],
          [8378.366692929763303, 9237.567044825635094]
        ]
      }
    },
    {
      "type": "Feature",
      "id": 25,
      "properties": {
        "Layer": "车位区域",
        "SubClasses": "AcDbEntity:AcDbPolyline",
        "EntityHandle": "4D1"
      },
      "geometry": {
        "type": "LineString",
        "coordinates": [
          [8233.381040545964424, 9237.567044051329503],
          [8233.381040545964424, 8924.39803490221675],
          [8378.366692929763303, 8924.39803490221675],
          [8378.366692929763303, 9237.567044051329503],
          [8233.381040545964424, 9237.567044051329503]
        ]
      }
    },
    {
      "type": "Feature",
      "id": 26,
      "properties": {
        "Layer": "车位区域",
        "SubClasses": "AcDbEntity:AcDbPolyline",
        "EntityHandle": "4D2"
      },
      "geometry": {
        "type": "LineString",
        "coordinates": [
          [8523.352345313560363, 9237.567044825635094],
          [8523.352345313560363, 8924.398035676416839],
          [8668.337997697359242, 8924.398035676416839],
          [8668.337997697359242, 9237.567044825635094],
          [8523.352345313560363, 9237.567044825635094]
        ]
      }
    },
    {
      "type": "Feature",
      "id": 27,
      "properties": {
        "Layer": "车位区域",
        "SubClasses": "AcDbEntity:AcDbPolyline",
        "EntityHandle": "4D6"
      },
      "geometry": {
        "type": "LineString",
        "coordinates": [
          [6771.925664518196754, 8611.229026527196766],
          [6771.925664518196754, 8924.398035676200379],
          [6916.911316901994724, 8924.398035676200379],
          [6916.911316901994724, 8611.229026527196766],
          [6771.925664518196754, 8611.229026527196766]
        ]
      }
    },
    {
      "type": "Feature",
      "id": 28,
      "properties": {
        "Layer": "车位区域",
        "SubClasses": "AcDbEntity:AcDbPolyline",
        "EntityHandle": "4D7"
      },
      "geometry": {
        "type": "LineString",
        "coordinates": [
          [7061.896969285792693, 9237.567044824772893],
          [7061.896969285792693, 8924.39803567576746],
          [7206.882621669590662, 8924.39803567576746],
          [7206.882621669590662, 9237.567044824772893],
          [7061.896969285792693, 9237.567044824772893]
        ]
      }
    },
    {
      "type": "Feature",
      "id": 29,
      "properties": {
        "Layer": "车位区域",
        "SubClasses": "AcDbEntity:AcDbPolyline",
        "EntityHandle": "4D8"
      },
      "geometry": {
        "type": "LineString",
        "coordinates": [
          [6916.911316901994724, 9237.567044824772893],
          [6916.911316901994724, 8924.39803567576746],
          [7061.896969285792693, 8924.39803567576746],
          [7061.896969285792693, 9237.567044824772893],
          [6916.911316901994724, 9237.567044824772893]
        ]
      }
    },
    {
      "type": "Feature",
      "id": 30,
      "properties": {
        "Layer": "WALL",
        "SubClasses": "AcDbEntity:AcDbLine",
        "EntityHandle": "4DE"
      },
      "geometry": {
        "type": "LineString",
        "coordinates": [
          [6753.998884521545733, 9133.100298802892212, 0.0],
          [6754.007655948495085, 8715.618709492087874, 0.0]
        ]
      }
    },
    {
      "type": "Feature",
      "id": 31,
      "properties": {
        "Layer": "WALL",
        "SubClasses": "AcDbEntity:AcDbLine",
        "EntityHandle": "4DF"
      },
      "geometry": {
        "type": "LineString",
        "coordinates": [
          [6736.600606231980237, 9133.100298802892212, 0.0],
          [6736.60937765806375, 8715.618709492087874, 0.0]
        ]
      }
    },
    {
      "type": "Feature",
      "id": 32,
      "properties": {
        "Layer": "COLUMN",
        "SubClasses": "AcDbEntity:AcDbBlockReference",
        "EntityHandle": "4E5"
      },
      "geometry": {
        "type": "GeometryCollection",
        "geometries": [
          {
            "type": "Polygon",
            "coordinates": [
              [
                [8184.085918734689585, 9133.177377392525159],
                [8230.481327497504026, 9133.17737739241602],
                [8230.481327497667735, 9202.770490536639045],
                [8184.085918734851475, 9202.770490536748184],
                [8184.085918734689585, 9133.177377392525159]
              ]
            ]
          },
          {
            "type": "LineString",
            "coordinates": [
              [8184.085918734689585, 9133.177377392525159],
              [8230.481327497504026, 9133.17737739241602],
              [8230.481327497667735, 9202.770490536639045],
              [8184.085918734851475, 9202.770490536748184],
              [8184.085918734689585, 9133.177377392525159]
            ]
          }
        ]
      }
    },
    {
      "type": "Feature",
      "id": 33,
      "properties": {
        "Layer": "COLUMN",
        "SubClasses": "AcDbEntity:AcDbBlockReference",
        "EntityHandle": "4E6"
      },
      "geometry": {
        "type": "GeometryCollection",
        "geometries": [
          {
            "type": "Polygon",
            "coordinates": [
              [
                [8671.237710744333526, 9133.177377392470589],
                [8717.633119507148876, 9133.177377392470589],
                [8717.633119507148876, 9202.770490536693615],
                [8671.237710744333526, 9202.770490536693615],
                [8671.237710744333526, 9133.177377392470589]
              ]
            ]
          },
          {
            "type": "LineString",
            "coordinates": [
              [8671.237710744333526, 9133.177377392470589],
              [8717.633119507148876, 9133.177377392470589],
              [8717.633119507148876, 9202.770490536693615],
              [8671.237710744333526, 9202.770490536693615],
              [8671.237710744333526, 9133.177377392470589]
            ]
          }
        ]
      }
    },
    {
      "type": "Feature",
      "id": 34,
      "properties": {
        "Layer": "PUB_HATCH",
        "SubClasses": "AcDbEntity:AcDbHatch",
        "EntityHandle": "4F2",
        "Text": "SOLID"
      },
      "geometry": {
        "type": "Polygon",
        "coordinates": [
          [
            [6736.614327398957357, 8924.359144202360767],
            [6754.012605683986294, 8924.359144149429994],
            [6754.012605738699676, 8941.757422424900142],
            [6736.61432745366892, 8941.757422477723594],
            [6736.614327398957357, 8924.359144202360767]
          ]
        ]
      }
    },
    {
      "type": "Feature",
      "id": 35,
      "properties": {
        "Layer": "COLUMN",
        "SubClasses": "AcDbEntity:AcDbLine",
        "EntityHandle": "4F3"
      },
      "geometry": {
        "type": "LineString",
        "coordinates": [
          [6736.614327398957357, 8924.359144202362586, 0.0],
          [6754.012605683986294, 8924.359144149431813, 0.0]
        ]
      }
    },
    {
      "type": "Feature",
      "id": 36,
      "properties": {
        "Layer": "COLUMN",
        "SubClasses": "AcDbEntity:AcDbLine",
        "EntityHandle": "4F4"
      },
      "geometry": {
        "type": "LineString",
        "coordinates": [
          [6754.012605683986294, 8924.359144149431813, 0.0],
          [6754.012605738699676, 8941.757422424900142, 0.0]
        ]
      }
    },
    {
      "type": "Feature",
      "id": 37,
      "properties": {
        "Layer": "COLUMN",
        "SubClasses": "AcDbEntity:AcDbLine",
        "EntityHandle": "4F5"
      },
      "geometry": {
        "type": "LineString",
        "coordinates": [
          [6754.012605738699676, 8941.757422424900142, 0.0],
          [6736.61432745366892, 8941.757422477723594, 0.0]
        ]
      }
    },
    {
      "type": "Feature",
      "id": 38,
      "properties": {
        "Layer": "COLUMN",
        "SubClasses": "AcDbEntity:AcDbLine",
        "EntityHandle": "4F6"
      },
      "geometry": {
        "type": "LineString",
        "coordinates": [
          [6736.61432745366892, 8941.757422477723594, 0.0],
          [6736.614327398957357, 8924.359144202362586, 0.0]
        ]
      }
    },
    {
      "type": "Feature",
      "id": 39,
      "properties": {
        "Layer": "车位区域",
        "SubClasses": "AcDbEntity:AcDbPolyline",
        "EntityHandle": "550"
      },
      "geometry": {
        "type": "LineString",
        "coordinates": [
          [8865.935520050263221, 8611.553234311675624],
          [8865.935520050263221, 8924.722243460895697],
          [9010.921172434063919, 8924.722243460895697],
          [9010.921172434063919, 8611.553234311675624],
          [8865.935520050263221, 8611.553234311675624]
        ]
      }
    },
    {
      "type": "Feature",
      "id": 40,
      "properties": {
        "Layer": "车位区域",
        "SubClasses": "AcDbEntity:AcDbPolyline",
        "EntityHandle": "551"
      },
      "geometry": {
        "type": "LineString",
        "coordinates": [
          [8720.949867666466162, 8611.553235085983033],
          [8720.949867666466162, 8924.722244235095786],
          [8865.935520050263221, 8924.722244235095786],
          [8865.935520050263221, 8611.553235085983033],
          [8720.949867666466162, 8611.553235085983033]
        ]
      }
    },
    {
      "type": "Feature",
      "id": 41,
      "properties": {
        "Layer": "车位区域",
        "SubClasses": "AcDbEntity:AcDbPolyline",
        "EntityHandle": "552"
      },
      "geometry": {
        "type": "LineString",
        "coordinates": [
          [9010.921172434063919, 8611.553234311675624],
          [9010.921172434063919, 8924.722243460895697],
          [9155.906824817862798, 8924.722243460895697],
          [9155.906824817862798, 8611.553234311675624],
          [9010.921172434063919, 8611.553234311675624]
        ]
      }
    },
    {
      "type": "Feature",
      "id": 42,
      "properties": {
        "Layer": "车位区域",
        "SubClasses": "AcDbEntity:AcDbPolyline",
        "EntityHandle": "553"
      },
      "geometry": {
        "type": "LineString",
        "coordinates": [
          [8036.617590896922593, 9237.891252610979791],
          [8036.617590896922593, 8924.722243461976177],
          [8181.603243280722381, 8924.722243461976177],
          [8181.603243280722381, 9237.891252610979791],
          [8036.617590896922593, 9237.891252610979791]
        ]
      }
    },
    {
      "type": "Feature",
      "id": 43,
      "properties": {
        "Layer": "车位区域",
        "SubClasses": "AcDbEntity:AcDbPolyline",
        "EntityHandle": "554"
      },
      "geometry": {
        "type": "LineString",
        "coordinates": [
          [8378.783730522631231, 9237.891252611196251],
          [8378.783730522631231, 8924.722243461976177],
          [8523.769382906433748, 8924.722243461976177],
          [8523.769382906433748, 9237.891252611196251],
          [8378.783730522631231, 9237.891252611196251]
        ]
      }
    },
    {
      "type": "Feature",
      "id": 44,
      "properties": {
        "Layer": "车位区域",
        "SubClasses": "AcDbEntity:AcDbPolyline",
        "EntityHandle": "555"
      },
      "geometry": {
        "type": "LineString",
        "coordinates": [
          [8233.798078138837809, 9237.89125183689066],
          [8233.798078138837809, 8924.722242687777907],
          [8378.783730522631231, 8924.722242687777907],
          [8378.783730522631231, 9237.89125183689066],
          [8233.798078138837809, 9237.89125183689066]
        ]
      }
    },
    {
      "type": "Feature",
      "id": 45,
      "properties": {
        "Layer": "车位区域",
        "SubClasses": "AcDbEntity:AcDbPolyline",
        "EntityHandle": "556"
      },
      "geometry": {
        "type": "LineString",
        "coordinates": [
          [8523.769382906433748, 9237.891252611196251],
          [8523.769382906433748, 8924.722243461976177],
          [8668.755035290230808, 8924.722243461976177],
          [8668.755035290230808, 9237.891252611196251],
          [8523.769382906433748, 9237.891252611196251]
        ]
      }
    },
    {
      "type": "Feature",
      "id": 46,
      "properties": {
        "Layer": "车位区域",
        "SubClasses": "AcDbEntity:AcDbPolyline",
        "EntityHandle": "55A"
      },
      "geometry": {
        "type": "LineString",
        "coordinates": [
          [6772.34270211106832, 8611.553234312756103],
          [6772.34270211106832, 8924.722243461759717],
          [6917.328354494866289, 8924.722243461759717],
          [6917.328354494866289, 8611.553234312756103],
          [6772.34270211106832, 8611.553234312756103]
        ]
      }
    },
    {
      "type": "Feature",
      "id": 47,
      "properties": {
        "Layer": "车位区域",
        "SubClasses": "AcDbEntity:AcDbPolyline",
        "EntityHandle": "55B"
      },
      "geometry": {
        "type": "LineString",
        "coordinates": [
          [7062.314006878664259, 9237.891252610332231],
          [7062.314006878664259, 8924.722243461330436],
          [7207.299659262462228, 8924.722243461330436],
          [7207.299659262462228, 9237.891252610332231],
          [7062.314006878664259, 9237.891252610332231]
        ]
      }
    },
    {
      "type": "Feature",
      "id": 48,
      "properties": {
        "Layer": "车位区域",
        "SubClasses": "AcDbEntity:AcDbPolyline",
        "EntityHandle": "55C"
      },
      "geometry": {
        "type": "LineString",
        "coordinates": [
          [6917.328354494866289, 9237.891252610332231],
          [6917.328354494866289, 8924.722243461330436],
          [7062.314006878664259, 8924.722243461330436],
          [7062.314006878664259, 9237.891252610332231],
          [6917.328354494866289, 9237.891252610332231]
        ]
      }
    },
    {
      "type": "Feature",
      "id": 49,
      "properties": {
        "Layer": "WALL",
        "SubClasses": "AcDbEntity:AcDbLine",
        "EntityHandle": "562"
      },
      "geometry": {
        "type": "LineString",
        "coordinates": [
          [6754.415922114417299, 9133.42450658845155, 0.0],
          [6754.424693541364832, 8715.942917277647211, 0.0]
        ]
      }
    },
    {
      "type": "Feature",
      "id": 50,
      "properties": {
        "Layer": "WALL",
        "SubClasses": "AcDbEntity:AcDbLine",
        "EntityHandle": "563"
      },
      "geometry": {
        "type": "LineString",
        "coordinates": [
          [6737.017643824850893, 9133.42450658845155, 0.0],
          [6737.026415250935315, 8715.942917277647211, 0.0]
        ]
      }
    },
    {
      "type": "Feature",
      "id": 51,
      "properties": {
        "Layer": "COLUMN",
        "SubClasses": "AcDbEntity:AcDbBlockReference",
        "EntityHandle": "569"
      },
      "geometry": {
        "type": "GeometryCollection",
        "geometries": [
          {
            "type": "Polygon",
            "coordinates": [
              [
                [8184.502956327561151, 9133.501585178082678],
                [8230.898365090375592, 9133.501585177973539],
                [8230.898365090539301, 9203.094698322196564],
                [8184.502956327723041, 9203.094698322305703],
                [8184.502956327561151, 9133.501585178082678]
              ]
            ]
          },
          {
            "type": "LineString",
            "coordinates": [
              [8184.502956327561151, 9133.501585178082678],
              [8230.898365090375592, 9133.501585177973539],
              [8230.898365090539301, 9203.094698322196564],
              [8184.502956327723041, 9203.094698322305703],
              [8184.502956327561151, 9133.501585178082678]
            ]
          }
        ]
      }
    },
    {
      "type": "Feature",
      "id": 52,
      "properties": {
        "Layer": "COLUMN",
        "SubClasses": "AcDbEntity:AcDbBlockReference",
        "EntityHandle": "56A"
      },
      "geometry": {
        "type": "GeometryCollection",
        "geometries": [
          {
            "type": "Polygon",
            "coordinates": [
              [
                [8671.654748337203273, 9133.501585178028108],
                [8718.050157100018623, 9133.501585178028108],
                [8718.050157100018623, 9203.094698322251134],
                [8671.654748337203273, 9203.094698322251134],
                [8671.654748337203273, 9133.501585178028108]
              ]
            ]
          },
          {
            "type": "LineString",
            "coordinates": [
              [8671.654748337203273, 9133.501585178028108],
              [8718.050157100018623, 9133.501585178028108],
              [8718.050157100018623, 9203.094698322251134],
              [8671.654748337203273, 9203.094698322251134],
              [8671.654748337203273, 9133.501585178028108]
            ]
          }
        ]
      }
    },
    {
      "type": "Feature",
      "id": 53,
      "properties": {
        "Layer": "PUB_HATCH",
        "SubClasses": "AcDbEntity:AcDbHatch",
        "EntityHandle": "576",
        "Text": "SOLID"
      },
      "geometry": {
        "type": "Polygon",
        "coordinates": [
          [
            [6737.031364991827104, 8924.683351987920105],
            [6754.42964327685695, 8924.683351934989332],
            [6754.429643331571242, 8942.08163021045948],
            [6737.031365046539577, 8942.081630263282932],
            [6737.031364991827104, 8924.683351987920105]
          ]
        ]
      }
    },
    {
      "type": "Feature",
      "id": 54,
      "properties": {
        "Layer": "COLUMN",
        "SubClasses": "AcDbEntity:AcDbLine",
        "EntityHandle": "577"
      },
      "geometry": {
        "type": "LineString",
        "coordinates": [
          [6737.031364991827104, 8924.683351987920105, 0.0],
          [6754.42964327685695, 8924.68335193499297, 0.0]
        ]
      }
    },
    {
      "type": "Feature",
      "id": 55,
      "properties": {
        "Layer": "COLUMN",
        "SubClasses": "AcDbEntity:AcDbLine",
        "EntityHandle": "578"
      },
      "geometry": {
        "type": "LineString",
        "coordinates": [
          [6754.42964327685695, 8924.68335193499297, 0.0],
          [6754.429643331571242, 8942.081630210461299, 0.0]
        ]
      }
    },
    {
      "type": "Feature",
      "id": 56,
      "properties": {
        "Layer": "COLUMN",
        "SubClasses": "AcDbEntity:AcDbLine",
        "EntityHandle": "579"
      },
      "geometry": {
        "type": "LineString",
        "coordinates": [
          [6754.429643331571242, 8942.081630210461299, 0.0],
          [6737.031365046539577, 8942.081630263282932, 0.0]
        ]
      }
    },
    {
      "type": "Feature",
      "id": 57,
      "properties": {
        "Layer": "COLUMN",
        "SubClasses": "AcDbEntity:AcDbLine",
        "EntityHandle": "57A"
      },
      "geometry": {
        "type": "LineString",
        "coordinates": [
          [6737.031365046539577, 8942.081630263282932, 0.0],
          [6737.031364991827104, 8924.683351987920105, 0.0]
        ]
      }
    },
    {
      "type": "Feature",
      "id": 58,
      "properties": {
        "Layer": "WALL",
        "SubClasses": "AcDbEntity:AcDbLine",
        "EntityHandle": "5F2"
      },
      "geometry": {
        "type": "LineString",
        "coordinates": [
          [6211.745722644769558, 4816.941847218878138, 0.0],
          [6211.745722563266099, 4834.340125504715616, 0.0]
        ]
      }
    },
    {
      "type": "Feature",
      "id": 59,
      "properties": {
        "Layer": "COLUMN",
        "SubClasses": "AcDbEntity:AcDbBlockReference",
        "EntityHandle": "5FC"
      },
      "geometry": {
        "type": "GeometryCollection",
        "geometries": [
          {
            "type": "Polygon",
            "coordinates": [
              [
                [6147.940393880331612, 5521.572119806012779],
                [6194.335802643146963, 5521.572119806012779],
                [6194.335802643146963, 5591.165232950235804],
                [6147.940393880331612, 5591.165232950235804],
                [6147.940393880331612, 5521.572119806012779]
              ]
            ]
          },
          {
            "type": "LineString",
            "coordinates": [
              [6147.940393880331612, 5521.572119806012779],
              [6194.335802643146963, 5521.572119806012779],
              [6194.335802643146963, 5591.165232950235804],
              [6147.940393880331612, 5591.165232950235804],
              [6147.940393880331612, 5521.572119806012779]
            ]
          }
        ]
      }
    },
    {
      "type": "Feature",
      "id": 60,
      "properties": {
        "Layer": "WALL",
        "SubClasses": "AcDbEntity:AcDbLine",
        "EntityHandle": "61E"
      },
      "geometry": {
        "type": "LineString",
        "coordinates": [
          [6212.162760237639304, 4817.266055004436566, 0.0],
          [6212.162760156137665, 4834.664333290276772, 0.0]
        ]
      }
    },
    {
      "type": "Feature",
      "id": 61,
      "properties": {
        "Layer": "COLUMN",
        "SubClasses": "AcDbEntity:AcDbBlockReference",
        "EntityHandle": "628"
      },
      "geometry": {
        "type": "GeometryCollection",
        "geometries": [
          {
            "type": "Polygon",
            "coordinates": [
              [
                [6148.357431473202269, 5521.896327591574845],
                [6194.752840236017619, 5521.896327591574845],
                [6194.752840236017619, 5591.489440735797871],
                [6148.357431473202269, 5591.489440735797871],
                [6148.357431473202269, 5521.896327591574845]
              ]
            ]
          },
          {
            "type": "LineString",
            "coordinates": [
              [6148.357431473202269, 5521.896327591574845],
              [6194.752840236017619, 5521.896327591574845],
              [6194.752840236017619, 5591.489440735797871],
              [6148.357431473202269, 5591.489440735797871],
              [6148.357431473202269, 5521.896327591574845]
            ]
          }
        ]
      }
    },
    {
      "type": "Feature",
      "id": 62,
      "properties": {
        "Layer": "车位区域",
        "SubClasses": "AcDbEntity:AcDbPolyline",
        "EntityHandle": "693"
      },
      "geometry": {
        "type": "LineString",
        "coordinates": [
          [73.034051791864954, 49.956447948376919],
          [73.034051791864954, 40.063384731859578],
          [68.453929932366179, 40.063384731859578],
          [68.453929932366179, 49.956447948376919],
          [73.034051791864954, 49.956447948376919]
        ]
      }
    },
    {
      "type": "Feature",
      "id": 63,
      "properties": {
        "Layer": "车位区域",
        "SubClasses": "AcDbEntity:AcDbPolyline",
        "EntityHandle": "694"
      },
      "geometry": {
        "type": "LineString",
        "coordinates": [
          [77.6141736513637, 49.956447948376919],
          [77.6141736513637, 40.063384731859578],
          [73.034051791864954, 40.063384731859578],
          [73.034051791864954, 49.956447948376919],
          [77.6141736513637, 49.956447948376919]
        ]
      }
    },
    {
      "type": "Feature",
      "id": 64,
      "properties": {
        "Layer": "车位区域",
        "SubClasses": "AcDbEntity:AcDbPolyline",
        "EntityHandle": "695"
      },
      "geometry": {
        "type": "LineString",
        "coordinates": [
          [82.194295510862503, 49.9564479239164],
          [82.194295510862503, 40.063384707399138],
          [77.6141736513637, 40.063384707399138],
          [77.6141736513637, 49.9564479239164],
          [82.194295510862503, 49.9564479239164]
        ]
      }
    },
    {
      "type": "Feature",
      "id": 65,
      "properties": {
        "Layer": "车位区域",
        "SubClasses": "AcDbEntity:AcDbPolyline",
        "EntityHandle": "696"
      },
      "geometry": {
        "type": "LineString",
        "coordinates": [
          [92.820178100414978, 49.956447948390583],
          [92.820178100414978, 40.063384731873242],
          [97.400299959913696, 40.063384731873242],
          [97.400299959913696, 49.956447948390583],
          [92.820178100414978, 49.956447948390583]
        ]
      }
    },
    {
      "type": "Feature",
      "id": 66,
      "properties": {
        "Layer": "车位区域",
        "SubClasses": "AcDbEntity:AcDbPolyline",
        "EntityHandle": "697"
      },
      "geometry": {
        "type": "LineString",
        "coordinates": [
          [88.240056240916147, 49.956447948390583],
          [88.240056240916147, 40.063384731873242],
          [92.820178100414978, 40.063384731873242],
          [92.820178100414978, 49.956447948390583],
          [88.240056240916147, 49.956447948390583]
        ]
      }
    },
    {
      "type": "Feature",
      "id": 67,
      "properties": {
        "Layer": "车位区域",
        "SubClasses": "AcDbEntity:AcDbPolyline",
        "EntityHandle": "698"
      },
      "geometry": {
        "type": "LineString",
        "coordinates": [
          [83.659934381417415, 49.956447923930121],
          [83.659934381417415, 40.06338470741278],
          [88.240056240916147, 40.06338470741278],
          [88.240056240916147, 49.956447923930121],
          [83.659934381417415, 49.956447923930121]
        ]
      }
    },
    {
      "type": "Feature",
      "id": 68,
      "properties": {
        "Layer": "车位区域",
        "SubClasses": "AcDbEntity:AcDbPolyline",
        "EntityHandle": "699"
      },
      "geometry": {
        "type": "LineString",
        "coordinates": [
          [77.522571151823016, 60.948740411173901],
          [77.522571151823016, 70.841803627691291],
          [82.102693011321847, 70.841803627691291],
          [82.102693011321847, 60.948740411173901],
          [77.522571151823016, 60.948740411173901]
        ]
      }
    },
    {
      "type": "Feature",
      "id": 69,
      "properties": {
        "Layer": "车位区域",
        "SubClasses": "AcDbEntity:AcDbPolyline",
        "EntityHandle": "69A"
      },
      "geometry": {
        "type": "LineString",
        "coordinates": [
          [72.942449292324255, 60.948740411173901],
          [72.942449292324255, 70.841803627691291],
          [77.522571151823016, 70.841803627691291],
          [77.522571151823016, 60.948740411173901],
          [72.942449292324255, 60.948740411173901]
        ]
      }
    },
    {
      "type": "Feature",
      "id": 70,
      "properties": {
        "Layer": "车位区域",
        "SubClasses": "AcDbEntity:AcDbPolyline",
        "EntityHandle": "69B"
      },
      "geometry": {
        "type": "LineString",
        "coordinates": [
          [68.362327432825566, 60.948740435631059],
          [68.362327432825566, 70.841803652148343],
          [72.942449292324255, 70.841803652148343],
          [72.942449292324255, 60.948740435631059],
          [68.362327432825566, 60.948740435631059]
        ]
      }
    },
    {
      "type": "Feature",
      "id": 71,
      "properties": {
        "Layer": "车位区域",
        "SubClasses": "AcDbEntity:AcDbPolyline",
        "EntityHandle": "69C"
      },
      "geometry": {
        "type": "LineString",
        "coordinates": [
          [83.751536880761876, 60.94874043562757],
          [83.751536880761876, 70.841803652144961],
          [88.331658740260593, 70.841803652144961],
          [88.331658740260593, 60.94874043562757],
          [83.751536880761876, 60.94874043562757]
        ]
      }
    },
    {
      "type": "Feature",
      "id": 72,
      "properties": {
        "Layer": "车位区域",
        "SubClasses": "AcDbEntity:AcDbPolyline",
        "EntityHandle": "69D"
      },
      "geometry": {
        "type": "LineString",
        "coordinates": [
          [62.133361641773242, 49.956447948472459],
          [62.133361641773242, 40.06338473195175],
          [66.713483501271924, 40.06338473195175],
          [66.713483501271924, 49.956447948472459],
          [62.133361641773242, 49.956447948472459]
        ]
      }
    },
    {
      "type": "Feature",
      "id": 73,
      "properties": {
        "Layer": "PUB_HATCH",
        "SubClasses": "AcDbEntity:AcDbHatch",
        "EntityHandle": "6A1",
        "Text": "加气混凝土"
      },
      "geometry": {
        "type": "Polygon",
        "coordinates": [
          [
            [113.980505443195895, 30.720703001566289, 0.0],
            [113.430897287480505, 30.720703001566289, 0.0],
            [113.430897287480406, 31.269691737483779, 0.0],
            [113.980505443195796, 31.269691737483829, 0.0],
            [113.980505443195895, 30.720703001566289, 0.0]
          ]
        ]
      }
    },
    {
      "type": "Feature",
      "id": 74,
      "properties": {
        "Layer": "BAS连线",
        "SubClasses": "AcDbEntity:AcDbPolyline",
        "EntityHandle": "6A2"
      },
      "geometry": {
        "type": "LineString",
        "coordinates": [
          [113.980505443811793, 30.903907876110111],
          [113.980505443811793, 30.445895690160292],
          [113.430890820671905, 30.445895690160292],
          [113.430890820671905, 30.903907876110111],
          [113.980505443811793, 30.903907876110111]
        ]
      }
    },
    {
      "type": "Feature",
      "id": 75,
      "properties": {
        "Layer": "WALL",
        "SubClasses": "AcDbEntity:AcDbLine",
        "EntityHandle": "6A3"
      },
      "geometry": {
        "type": "LineString",
        "coordinates": [
          [113.4308511463191, 30.172923234311781, 0.0],
          [113.980465769452096, 30.172919997910551, 0.0]
        ]
      }
    },
    {
      "type": "Feature",
      "id": 76,
      "properties": {
        "Layer": "COLUMN",
        "SubClasses": "AcDbEntity:AcDbBlockReference",
        "EntityHandle": "6AA"
      },
      "geometry": {
        "type": "GeometryCollection",
        "geometries": [
          {
            "type": "Polygon",
            "coordinates": [
              [
                [82.194295448511767, 62.047969729613456],
                [83.659934443551364, 62.047969729613456],
                [83.659934443551364, 64.246428222172867],
                [82.194295448511767, 64.246428222172867],
                [82.194295448511767, 62.047969729613456]
              ]
            ]
          },
          {
            "type": "LineString",
            "coordinates": [
              [82.194295448511767, 62.047969729613456],
              [83.659934443551364, 62.047969729613456],
              [83.659934443551364, 64.246428222172867],
              [82.194295448511767, 64.246428222172867],
              [82.194295448511767, 62.047969729613456]
            ]
          }
        ]
      }
    },
    {
      "type": "Feature",
      "id": 77,
      "properties": {
        "Layer": "COLUMN",
        "SubClasses": "AcDbEntity:AcDbBlockReference",
        "EntityHandle": "6AB"
      },
      "geometry": {
        "type": "GeometryCollection",
        "geometries": [
          {
            "type": "Polygon",
            "coordinates": [
              [
                [66.805086000486781, 62.047969729620306],
                [68.270724995526379, 62.047969729620306],
                [68.270724995526379, 64.246428222179716],
                [66.805086000486781, 64.246428222179716],
                [66.805086000486781, 62.047969729620306]
              ]
            ]
          },
          {
            "type": "LineString",
            "coordinates": [
              [66.805086000486781, 62.047969729620306],
              [68.270724995526379, 62.047969729620306],
              [68.270724995526379, 64.246428222179716],
              [66.805086000486781, 64.246428222179716],
              [66.805086000486781, 62.047969729620306]
            ]
          }
        ]
      }
    },
    {
      "type": "Feature",
      "id": 78,
      "properties": {
        "Layer": "COLUMN",
        "SubClasses": "AcDbEntity:AcDbBlockReference",
        "EntityHandle": "6AC"
      },
      "geometry": {
        "type": "GeometryCollection",
        "geometries": [
          {
            "type": "Polygon",
            "coordinates": [
              [
                [97.583504896425055, 62.047969729615168],
                [99.049143891464652, 62.047969729611751],
                [99.049143891469768, 64.246428222171161],
                [97.583504896430171, 64.246428222174572],
                [97.583504896425055, 62.047969729615168]
              ]
            ]
          },
          {
            "type": "LineString",
            "coordinates": [
              [97.583504896425055, 62.047969729615168],
              [99.049143891464652, 62.047969729611751],
              [99.049143891469768, 64.246428222171161],
              [97.583504896430171, 64.246428222174572],
              [97.583504896425055, 62.047969729615168]
            ]
          }
        ]
      }
    },
    {
      "type": "Feature",
      "id": 79,
      "properties": {
        "Layer": "COLUMN",
        "SubClasses": "AcDbEntity:AcDbBlockReference",
        "EntityHandle": "6AE"
      },
      "geometry": {
        "type": "GeometryCollection",
        "geometries": [
          {
            "type": "Polygon",
            "coordinates": [
              [
                [82.194295448511767, 46.658760281704488],
                [83.659934443551364, 46.658760281704488],
                [83.659934443551364, 48.857218774263899],
                [82.194295448511767, 48.857218774263899],
                [82.194295448511767, 46.658760281704488]
              ]
            ]
          },
          {
            "type": "LineString",
            "coordinates": [
              [82.194295448511767, 46.658760281704488],
              [83.659934443551364, 46.658760281704488],
              [83.659934443551364, 48.857218774263899],
              [82.194295448511767, 48.857218774263899],
              [82.194295448511767, 46.658760281704488]
            ]
          }
        ]
      }
    },
    {
      "type": "Feature",
      "id": 80,
      "properties": {
        "Layer": "COLUMN",
        "SubClasses": "AcDbEntity:AcDbBlockReference",
        "EntityHandle": "6AF"
      },
      "geometry": {
        "type": "GeometryCollection",
        "geometries": [
          {
            "type": "Polygon",
            "coordinates": [
              [
                [66.805086000486781, 46.658760281711217],
                [68.270724995526379, 46.658760281711217],
                [68.270724995526379, 48.857218774270628],
                [66.805086000486781, 48.857218774270628],
                [66.805086000486781, 46.658760281711217]
              ]
            ]
          },
          {
            "type": "LineString",
            "coordinates": [
              [66.805086000486781, 46.658760281711217],
              [68.270724995526379, 46.658760281711217],
              [68.270724995526379, 48.857218774270628],
              [66.805086000486781, 48.857218774270628],
              [66.805086000486781, 46.658760281711217]
            ]
          }
        ]
      }
    },
    {
      "type": "Feature",
      "id": 81,
      "properties": {
        "Layer": "COLUMN",
        "SubClasses": "AcDbEntity:AcDbBlockReference",
        "EntityHandle": "6B0"
      },
      "geometry": {
        "type": "GeometryCollection",
        "geometries": [
          {
            "type": "Polygon",
            "coordinates": [
              [
                [97.583504896425055, 46.658760281706201],
                [99.049143891464652, 46.658760281702783],
                [99.049143891469768, 48.857218774262186],
                [97.583504896430171, 48.857218774265604],
                [97.583504896425055, 46.658760281706201]
              ]
            ]
          },
          {
            "type": "LineString",
            "coordinates": [
              [97.583504896425055, 46.658760281706201],
              [99.049143891464652, 46.658760281702783],
              [99.049143891469768, 48.857218774262186],
              [97.583504896430171, 48.857218774265604],
              [97.583504896425055, 46.658760281706201]
            ]
          }
        ]
      }
    },
    {
      "type": "Feature",
      "id": 82,
      "properties": {
        "Layer": "COLUMN",
        "SubClasses": "AcDbEntity:AcDbBlockReference",
        "EntityHandle": "6B1"
      },
      "geometry": {
        "type": "GeometryCollection",
        "geometries": [
          {
            "type": "Polygon",
            "coordinates": [
              [
                [97.583504896411469, 31.269550833783516],
                [99.049143891451067, 31.269550833780105],
                [99.049143891456183, 33.468009326339505],
                [97.583504896416585, 33.468009326342923],
                [97.583504896411469, 31.269550833783516]
              ]
            ]
          },
          {
            "type": "LineString",
            "coordinates": [
              [97.583504896411469, 31.269550833783516],
              [99.049143891451067, 31.269550833780105],
              [99.049143891456183, 33.468009326339505],
              [97.583504896416585, 33.468009326342923],
              [97.583504896411469, 31.269550833783516]
            ]
          }
        ]
      }
    },
    {
      "type": "Feature",
      "id": 83,
      "properties": {
        "Layer": "COLUMN",
        "SubClasses": "AcDbEntity:AcDbBlockReference",
        "EntityHandle": "6B2"
      },
      "geometry": {
        "type": "GeometryCollection",
        "geometries": [
          {
            "type": "Polygon",
            "coordinates": [
              [
                [112.972714344328097, 31.269550833774947],
                [114.438353339367694, 31.269550833774947],
                [114.438353339367694, 33.468009326334354],
                [112.972714344328097, 33.468009326334354],
                [112.972714344328097, 31.269550833774947]
              ]
            ]
          },
          {
            "type": "LineString",
            "coordinates": [
              [112.972714344328097, 31.269550833774947],
              [114.438353339367694, 31.269550833774947],
              [114.438353339367694, 33.468009326334354],
              [112.972714344328097, 33.468009326334354],
              [112.972714344328097, 31.269550833774947]
            ]
          }
        ]
      }
    },
    {
      "type": "Feature",
      "id": 84,
      "properties": {
        "Layer": "PUB_HATCH",
        "SubClasses": "AcDbEntity:AcDbHatch",
        "EntityHandle": "6B8",
        "Text": "SOLID"
      },
      "geometry": {
        "type": "Polygon",
        "coordinates": [
          [
            [113.430890818421503, 30.171088380432959],
            [113.9805054415271, 30.171088378757499],
            [113.980505442390495, 30.445895690160221],
            [113.430890819284699, 30.44589569183232],
            [113.430890818421503, 30.171088380432959]
          ]
        ]
      }
    },
    {
      "type": "Feature",
      "id": 85,
      "properties": {
        "Layer": "COLUMN",
        "SubClasses": "AcDbEntity:AcDbLine",
        "EntityHandle": "6B9"
      },
      "geometry": {
        "type": "LineString",
        "coordinates": [
          [113.430890818421503, 30.17108838043303, 0.0],
          [113.9805054415271, 30.17108837875756, 0.0]
        ]
      }
    },
    {
      "type": "Feature",
      "id": 86,
      "properties": {
        "Layer": "COLUMN",
        "SubClasses": "AcDbEntity:AcDbLine",
        "EntityHandle": "6BA"
      },
      "geometry": {
        "type": "LineString",
        "coordinates": [
          [113.9805054415271, 30.17108837875756, 0.0],
          [113.980505442390495, 30.445895690160292, 0.0]
        ]
      }
    },
    {
      "type": "Feature",
      "id": 87,
      "properties": {
        "Layer": "COLUMN",
        "SubClasses": "AcDbEntity:AcDbLine",
        "EntityHandle": "6BB"
      },
      "geometry": {
        "type": "LineString",
        "coordinates": [
          [113.980505442390495, 30.445895690160292, 0.0],
          [113.430890819284699, 30.445895691832391, 0.0]
        ]
      }
    },
    {
      "type": "Feature",
      "id": 88,
      "properties": {
        "Layer": "COLUMN",
        "SubClasses": "AcDbEntity:AcDbLine",
        "EntityHandle": "6BC"
      },
      "geometry": {
        "type": "LineString",
        "coordinates": [
          [113.430890819284699, 30.445895691832391, 0.0],
          [113.430890818421503, 30.17108838043303, 0.0]
        ]
      }
    },
    {
      "type": "Feature",
      "id": 89,
      "properties": {
        "Layer": "车位区域",
        "SubClasses": "AcDbEntity:AcDbPolyline",
        "EntityHandle": "6BD"
      },
      "geometry": {
        "type": "LineString",
        "coordinates": [
          [73.047226081623535, 49.966689728451321],
          [73.047226081623535, 40.073626511934052],
          [68.46710422212476, 40.073626511934052],
          [68.46710422212476, 49.966689728451321],
          [73.047226081623535, 49.966689728451321]
        ]
      }
    },
    {
      "type": "Feature",
      "id": 90,
      "properties": {
        "Layer": "车位区域",
        "SubClasses": "AcDbEntity:AcDbPolyline",
        "EntityHandle": "6BE"
      },
      "geometry": {
        "type": "LineString",
        "coordinates": [
          [77.627347941122366, 49.966689728451321],
          [77.627347941122366, 40.073626511934052],
          [73.047226081623535, 40.073626511934052],
          [73.047226081623535, 49.966689728451321],
          [77.627347941122366, 49.966689728451321]
        ]
      }
    },
    {
      "type": "Feature",
      "id": 91,
      "properties": {
        "Layer": "车位区域",
        "SubClasses": "AcDbEntity:AcDbPolyline",
        "EntityHandle": "6BF"
      },
      "geometry": {
        "type": "LineString",
        "coordinates": [
          [82.207469800621084, 49.966689703990859],
          [82.207469800621084, 40.073626487473518],
          [77.627347941122366, 40.073626487473518],
          [77.627347941122366, 49.966689703990859],
          [82.207469800621084, 49.966689703990859]
        ]
      }
    },
    {
      "type": "Feature",
      "id": 92,
      "properties": {
        "Layer": "车位区域",
        "SubClasses": "AcDbEntity:AcDbPolyline",
        "EntityHandle": "6C0"
      },
      "geometry": {
        "type": "LineString",
        "coordinates": [
          [92.833352390173445, 49.966689728465042],
          [92.833352390173445, 40.073626511947701],
          [97.413474249672163, 40.073626511947701],
          [97.413474249672163, 49.966689728465042],
          [92.833352390173445, 49.966689728465042]
        ]
      }
    },
    {
      "type": "Feature",
      "id": 93,
      "properties": {
        "Layer": "车位区域",
        "SubClasses": "AcDbEntity:AcDbPolyline",
        "EntityHandle": "6C1"
      },
      "geometry": {
        "type": "LineString",
        "coordinates": [
          [88.253230530674614, 49.966689728465042],
          [88.253230530674614, 40.073626511947701],
          [92.833352390173445, 40.073626511947701],
          [92.833352390173445, 49.966689728465042],
          [88.253230530674614, 49.966689728465042]
        ]
      }
    },
    {
      "type": "Feature",
      "id": 94,
      "properties": {
        "Layer": "车位区域",
        "SubClasses": "AcDbEntity:AcDbPolyline",
        "EntityHandle": "6C2"
      },
      "geometry": {
        "type": "LineString",
        "coordinates": [
          [83.673108671175953, 49.966689704004509],
          [83.673108671175953, 40.073626487487168],
          [88.253230530674614, 40.073626487487168],
          [88.253230530674614, 49.966689704004509],
          [83.673108671175953, 49.966689704004509]
        ]
      }
    },
    {
      "type": "Feature",
      "id": 95,
      "properties": {
        "Layer": "车位区域",
        "SubClasses": "AcDbEntity:AcDbPolyline",
        "EntityHandle": "6C3"
      },
      "geometry": {
        "type": "LineString",
        "coordinates": [
          [77.535745441581653, 60.958982191248367],
          [77.535745441581653, 70.852045407765701],
          [82.115867301080357, 70.852045407765701],
          [82.115867301080357, 60.958982191248367],
          [77.535745441581653, 60.958982191248367]
        ]
      }
    },
    {
      "type": "Feature",
      "id": 96,
      "properties": {
        "Layer": "车位区域",
        "SubClasses": "AcDbEntity:AcDbPolyline",
        "EntityHandle": "6C4"
      },
      "geometry": {
        "type": "LineString",
        "coordinates": [
          [72.955623582082893, 60.958982191248367],
          [72.955623582082893, 70.852045407765701],
          [77.535745441581653, 70.852045407765701],
          [77.535745441581653, 60.958982191248367],
          [72.955623582082893, 60.958982191248367]
        ]
      }
    },
    {
      "type": "Feature",
      "id": 97,
      "properties": {
        "Layer": "车位区域",
        "SubClasses": "AcDbEntity:AcDbPolyline",
        "EntityHandle": "6C5"
      },
      "geometry": {
        "type": "LineString",
        "coordinates": [
          [68.37550172258409, 60.958982215705468],
          [68.37550172258409, 70.852045432222809],
          [72.955623582082893, 70.852045432222809],
          [72.955623582082893, 60.958982215705468],
          [68.37550172258409, 60.958982215705468]
        ]
      }
    },
    {
      "type": "Feature",
      "id": 98,
      "properties": {
        "Layer": "车位区域",
        "SubClasses": "AcDbEntity:AcDbPolyline",
        "EntityHandle": "6C6"
      },
      "geometry": {
        "type": "LineString",
        "coordinates": [
          [83.764711170520386, 60.958982215702036],
          [83.764711170520386, 70.85204543221937],
          [88.344833030019217, 70.85204543221937],
          [88.344833030019217, 60.958982215702036],
          [83.764711170520386, 60.958982215702036]
        ]
      }
    },
    {
      "type": "Feature",
      "id": 99,
      "properties": {
        "Layer": "车位区域",
        "SubClasses": "AcDbEntity:AcDbPolyline",
        "EntityHandle": "6C7"
      },
      "geometry": {
        "type": "LineString",
        "coordinates": [
          [62.146535931531758, 49.966689728546918],
          [62.146535931531758, 40.073626512026152],
          [66.726657791030533, 40.073626512026152],
          [66.726657791030533, 49.966689728546918],
          [62.146535931531758, 49.966689728546918]
        ]
      }
    },
    {
      "type": "Feature",
      "id": 100,
      "properties": {
        "Layer": "PUB_HATCH",
        "SubClasses": "AcDbEntity:AcDbHatch",
        "EntityHandle": "6CB",
        "Text": "加气混凝土"
      },
      "geometry": {
        "type": "Polygon",
        "coordinates": [
          [
            [113.993679732954405, 30.730944781640758, 0.0],
            [113.444071577239001, 30.730944781640758, 0.0],
            [113.444071577238901, 31.279933517558241, 0.0],
            [113.993679732954305, 31.27993351755822, 0.0],
            [113.993679732954405, 30.730944781640758, 0.0]
          ]
        ]
      }
    },
    {
      "type": "Feature",
      "id": 101,
      "properties": {
        "Layer": "BAS连线",
        "SubClasses": "AcDbEntity:AcDbPolyline",
        "EntityHandle": "6CC"
      },
      "geometry": {
        "type": "LineString",
        "coordinates": [
          [113.993679733570403, 30.91414965618452],
          [113.993679733570403, 30.45613747023468],
          [113.4440651104305, 30.45613747023468],
          [113.4440651104305, 30.91414965618452],
          [113.993679733570403, 30.91414965618452]
        ]
      }
    },
    {
      "type": "Feature",
      "id": 102,
      "properties": {
        "Layer": "WALL",
        "SubClasses": "AcDbEntity:AcDbLine",
        "EntityHandle": "6CD"
      },
      "geometry": {
        "type": "LineString",
        "coordinates": [
          [113.444025436077595, 30.183165014386251, 0.0],
          [113.993640059210605, 30.183161777985021, 0.0]
        ]
      }
    },
    {
      "type": "Feature",
      "id": 103,
      "properties": {
        "Layer": "COLUMN",
        "SubClasses": "AcDbEntity:AcDbBlockReference",
        "EntityHandle": "6D4"
      },
      "geometry": {
        "type": "GeometryCollection",
        "geometries": [
          {
            "type": "Polygon",
            "coordinates": [
              [
                [82.207469738270447, 62.058211509687922],
                [83.673108733310045, 62.058211509687922],
                [83.673108733310045, 64.256670002247333],
                [82.207469738270447, 64.256670002247333],
                [82.207469738270447, 62.058211509687922]
              ]
            ]
          },
          {
            "type": "LineString",
            "coordinates": [
              [82.207469738270447, 62.058211509687922],
              [83.673108733310045, 62.058211509687922],
              [83.673108733310045, 64.256670002247333],
              [82.207469738270447, 64.256670002247333],
              [82.207469738270447, 62.058211509687922]
            ]
          }
        ]
      }
    },
    {
      "type": "Feature",
      "id": 104,
      "properties": {
        "Layer": "COLUMN",
        "SubClasses": "AcDbEntity:AcDbBlockReference",
        "EntityHandle": "6D5"
      },
      "geometry": {
        "type": "GeometryCollection",
        "geometries": [
          {
            "type": "Polygon",
            "coordinates": [
              [
                [66.818260290245306, 62.058211509694715],
                [68.283899285284903, 62.058211509694715],
                [68.283899285284903, 64.256670002254126],
                [66.818260290245306, 64.256670002254126],
                [66.818260290245306, 62.058211509694715]
              ]
            ]
          },
          {
            "type": "LineString",
            "coordinates": [
              [66.818260290245306, 62.058211509694715],
              [68.283899285284903, 62.058211509694715],
              [68.283899285284903, 64.256670002254126],
              [66.818260290245306, 64.256670002254126],
              [66.818260290245306, 62.058211509694715]
            ]
          }
        ]
      }
    },
    {
      "type": "Feature",
      "id": 105,
      "properties": {
        "Layer": "COLUMN",
        "SubClasses": "AcDbEntity:AcDbBlockReference",
        "EntityHandle": "6D6"
      },
      "geometry": {
        "type": "GeometryCollection",
        "geometries": [
          {
            "type": "Polygon",
            "coordinates": [
              [
                [97.596679186183579, 62.058211509689635],
                [99.062318181223176, 62.058211509686217],
                [99.062318181228292, 64.256670002245627],
                [97.596679186188695, 64.256670002249038],
                [97.596679186183579, 62.058211509689635]
              ]
            ]
          },
          {
            "type": "LineString",
            "coordinates": [
              [97.596679186183579, 62.058211509689635],
              [99.062318181223176, 62.058211509686217],
              [99.062318181228292, 64.256670002245627],
              [97.596679186188695, 64.256670002249038],
              [97.596679186183579, 62.058211509689635]
            ]
          }
        ]
      }
    },
    {
      "type": "Feature",
      "id": 106,
      "properties": {
        "Layer": "COLUMN",
        "SubClasses": "AcDbEntity:AcDbBlockReference",
        "EntityHandle": "6D8"
      },
      "geometry": {
        "type": "GeometryCollection",
        "geometries": [
          {
            "type": "Polygon",
            "coordinates": [
              [
                [82.207469738270447, 46.669002061778897],
                [83.673108733310045, 46.669002061778897],
                [83.673108733310045, 48.867460554338308],
                [82.207469738270447, 48.867460554338308],
                [82.207469738270447, 46.669002061778897]
              ]
            ]
          },
          {
            "type": "LineString",
            "coordinates": [
              [82.207469738270447, 46.669002061778897],
              [83.673108733310045, 46.669002061778897],
              [83.673108733310045, 48.867460554338308],
              [82.207469738270447, 48.867460554338308],
              [82.207469738270447, 46.669002061778897]
            ]
          }
        ]
      }
    },
    {
      "type": "Feature",
      "id": 107,
      "properties": {
        "Layer": "COLUMN",
        "SubClasses": "AcDbEntity:AcDbBlockReference",
        "EntityHandle": "6D9"
      },
      "geometry": {
        "type": "GeometryCollection",
        "geometries": [
          {
            "type": "Polygon",
            "coordinates": [
              [
                [66.818260290245306, 46.669002061785747],
                [68.283899285284903, 46.669002061785747],
                [68.283899285284903, 48.867460554345158],
                [66.818260290245306, 48.867460554345158],
                [66.818260290245306, 46.669002061785747]
              ]
            ]
          },
          {
            "type": "LineString",
            "coordinates": [
              [66.818260290245306, 46.669002061785747],
              [68.283899285284903, 46.669002061785747],
              [68.283899285284903, 48.867460554345158],
              [66.818260290245306, 48.867460554345158],
              [66.818260290245306, 46.669002061785747]
            ]
          }
        ]
      }
    },
    {
      "type": "Feature",
      "id": 108,
      "properties": {
        "Layer": "COLUMN",
        "SubClasses": "AcDbEntity:AcDbBlockReference",
        "EntityHandle": "6DA"
      },
      "geometry": {
        "type": "GeometryCollection",
        "geometries": [
          {
            "type": "Polygon",
            "coordinates": [
              [
                [97.596679186183579, 46.66900206178061],
                [99.062318181223176, 46.669002061777192],
                [99.062318181228292, 48.867460554336596],
                [97.596679186188695, 48.867460554340013],
                [97.596679186183579, 46.66900206178061]
              ]
            ]
          },
          {
            "type": "LineString",
            "coordinates": [
              [97.596679186183579, 46.66900206178061],
              [99.062318181223176, 46.669002061777192],
              [99.062318181228292, 48.867460554336596],
              [97.596679186188695, 48.867460554340013],
              [97.596679186183579, 46.66900206178061]
            ]
          }
        ]
      }
    },
    {
      "type": "Feature",
      "id": 109,
      "properties": {
        "Layer": "COLUMN",
        "SubClasses": "AcDbEntity:AcDbBlockReference",
        "EntityHandle": "6DB"
      },
      "geometry": {
        "type": "GeometryCollection",
        "geometries": [
          {
            "type": "Polygon",
            "coordinates": [
              [
                [97.596679186169993, 31.279792613857911],
                [99.062318181209591, 31.2797926138545],
                [99.062318181214707, 33.4782511064139],
                [97.596679186175109, 33.478251106417318],
                [97.596679186169993, 31.279792613857911]
              ]
            ]
          },
          {
            "type": "LineString",
            "coordinates": [
              [97.596679186169993, 31.279792613857911],
              [99.062318181209591, 31.2797926138545],
              [99.062318181214707, 33.4782511064139],
              [97.596679186175109, 33.478251106417318],
              [97.596679186169993, 31.279792613857911]
            ]
          }
        ]
      }
    },
    {
      "type": "Feature",
      "id": 110,
      "properties": {
        "Layer": "COLUMN",
        "SubClasses": "AcDbEntity:AcDbBlockReference",
        "EntityHandle": "6DC"
      },
      "geometry": {
        "type": "GeometryCollection",
        "geometries": [
          {
            "type": "Polygon",
            "coordinates": [
              [
                [112.985888634086706, 31.27979261384942],
                [114.451527629126304, 31.27979261384942],
                [114.451527629126304, 33.478251106408827],
                [112.985888634086706, 33.478251106408827],
                [112.985888634086706, 31.27979261384942]
              ]
            ]
          },
          {
            "type": "LineString",
            "coordinates": [
              [112.985888634086706, 31.27979261384942],
              [114.451527629126304, 31.27979261384942],
              [114.451527629126304, 33.478251106408827],
              [112.985888634086706, 33.478251106408827],
              [112.985888634086706, 31.27979261384942]
            ]
          }
        ]
      }
    },
    {
      "type": "Feature",
      "id": 111,
      "properties": {
        "Layer": "PUB_HATCH",
        "SubClasses": "AcDbEntity:AcDbHatch",
        "EntityHandle": "6E2",
        "Text": "SOLID"
      },
      "geometry": {
        "type": "Polygon",
        "coordinates": [
          [
            [113.444065108179998, 30.181330160507429],
            [113.993679731285695, 30.181330158831909],
            [113.993679732149204, 30.456137470234609],
            [113.444065109043393, 30.456137471906711],
            [113.444065108179998, 30.181330160507429]
          ]
        ]
      }
    },
    {
      "type": "Feature",
      "id": 112,
      "properties": {
        "Layer": "COLUMN",
        "SubClasses": "AcDbEntity:AcDbLine",
        "EntityHandle": "6E3"
      },
      "geometry": {
        "type": "LineString",
        "coordinates": [
          [113.444065108179998, 30.1813301605075, 0.0],
          [113.993679731285695, 30.181330158831969, 0.0]
        ]
      }
    },
    {
      "type": "Feature",
      "id": 113,
      "properties": {
        "Layer": "COLUMN",
        "SubClasses": "AcDbEntity:AcDbLine",
        "EntityHandle": "6E4"
      },
      "geometry": {
        "type": "LineString",
        "coordinates": [
          [113.993679731285695, 30.181330158831969, 0.0],
          [113.993679732149204, 30.45613747023468, 0.0]
        ]
      }
    },
    {
      "type": "Feature",
      "id": 114,
      "properties": {
        "Layer": "COLUMN",
        "SubClasses": "AcDbEntity:AcDbLine",
        "EntityHandle": "6E5"
      },
      "geometry": {
        "type": "LineString",
        "coordinates": [
          [113.993679732149204, 30.45613747023468, 0.0],
          [113.444065109043393, 30.456137471906789, 0.0]
        ]
      }
    },
    {
      "type": "Feature",
      "id": 115,
      "properties": {
        "Layer": "COLUMN",
        "SubClasses": "AcDbEntity:AcDbLine",
        "EntityHandle": "6E6"
      },
      "geometry": {
        "type": "LineString",
        "coordinates": [
          [113.444065109043393, 30.456137471906789, 0.0],
          [113.444065108179998, 30.1813301605075, 0.0]
        ]
      }
    }
  ]
}
