{
  "type": "FeatureCollection",
  "name": "entities",
  "features": [
    {
      "type": "Feature",
      "id": 0,
      "properties": {
        "Layer": "0",
        "SubClasses": "AcDbEntity:AcDbPolyline",
        "EntityHandle": "235"
      },
      "geometry": {
        "type": "LineString",
        "coordinates": [
          [10.236250400537809, 37.444805374530723],
          [47.658769242938149, 37.444805374530723],
          [47.658769242938149, 9.518535786317784],
          [10.236250400537809, 9.518535786317784],
          [10.236250400537809, 37.444805374530723]
        ]
      }
    },
    {
      "type": "Feature",
      "id": 1,
      "properties": {
        "Layer": "0",
        "SubClasses": "AcDbEntity:AcDbPolyline",
        "EntityHandle": "23A"
      },
      "geometry": {
        "type": "LineString",
        "coordinates": [
          [47.658769242938149, 37.444805374530723],
          [10.236250400537809, 37.444805374530723],
          [10.236250400537809, 9.518535786317784],
          [47.658769242938149, 9.518535786317784],
          [47.658769242938149, 37.444805374530723]
        ]
      }
    },
    {
      "type": "Feature",
      "id": 2,
      "properties": {
        "Layer": "0",
        "SubClasses": "AcDbEntity:AcDbPolyline",
        "EntityHandle": "23B"
      },
      "geometry": {
        "type": "LineString",
        "coordinates": [
          [11.25455017663842, 36.426991376561887],
          [21.254550176638421, 36.426991376561887],
          [21.254550176638421, 31.42699137656189],
          [11.25455017663842, 31.42699137656189],
          [11.25455017663842, 36.426991376561887]
        ]
      }
    },
    {
      "type": "Feature",
      "id": 3,
      "properties": {
        "Layer": "0",
        "SubClasses": "AcDbEntity:AcDbPolyline",
        "EntityHandle": "242"
      },
      "geometry": {
        "type": "LineString",
        "coordinates": [
          [27.509100353276839, 65.214000759027272],
          [37.509100353276843, 65.214000759027272],
          [37.509100353276843, 60.214000759027272],
          [27.509100353276839, 60.214000759027272],
          [27.509100353276839, 65.214000759027272]
        ]
      }
    },
    {
      "type": "Feature",
      "id": 4,
      "properties": {
        "Layer": "0",
        "SubClasses": "AcDbEntity:AcDbPolyline",
        "EntityHandle": "249"
      },
      "geometry": {
        "type": "LineString",
        "coordinates": [
          [11.25455017663842, 29.976584868562671],
          [21.254550176638421, 29.976584868562671],
          [21.254550176638421, 24.976584868562671],
          [11.25455017663842, 24.976584868562671],
          [11.25455017663842, 29.976584868562671]
        ]
      }
    },
    {
      "type": "Feature",
      "id": 5,
      "properties": {
        "Layer": "0",
        "SubClasses": "AcDbEntity:AcDbPolyline",
        "EntityHandle": "250"
      },
      "geometry": {
        "type": "LineString",
        "coordinates": [
          [11.190906440632149, 23.869701336820331],
          [21.190906440632151, 23.869701336820331],
          [21.190906440632151, 18.869701336820331],
          [11.190906440632149, 18.869701336820331],
          [11.190906440632149, 23.869701336820331]
        ]
      }
    },
    {
      "type": "Feature",
      "id": 6,
      "properties": {
        "Layer": "0",
        "SubClasses": "AcDbEntity:AcDbPolyline",
        "EntityHandle": "257"
      },
      "geometry": {
        "type": "LineString",
        "coordinates": [
          [11.190906440632149, 17.76281757704265],
          [21.190906440632151, 17.76281757704265],
          [21.190906440632151, 12.76281757704265],
          [11.190906440632149, 12.76281757704265],
          [11.190906440632149, 17.76281757704265]
        ]
      }
    },
    {
      "type": "Feature",
      "id": 7,
      "properties": {
        "Layer": "0",
        "SubClasses": "AcDbEntity:AcDbPolyline",
        "EntityHandle": "25E"
      },
      "geometry": {
        "type": "LineString",
        "coordinates": [
          [22.837710820017151, 36.465148450012407],
          [32.837710820017151, 36.465148450012407],
          [32.837710820017151, 31.465148450012411],
          [22.837710820017151, 31.465148450012411],
          [22.837710820017151, 36.465148450012407]
        ]
      }
    }
  ]
}
